date,OBV
4/13/18 9:30,17511
4/13/18 9:31,14821
4/13/18 9:32,16621
4/13/18 9:33,20926
4/13/18 9:34,15806
4/13/18 9:35,20135
4/13/18 9:36,15535
4/13/18 9:37,19380
4/13/18 9:38,17690
4/13/18 9:39,19880
4/13/18 9:40,24467
4/13/18 9:41,29168
4/13/18 9:42,24098
4/13/18 9:43,26857
4/13/18 9:44,23037
4/13/18 9:45,21737
4/13/18 9:46,22837
4/13/18 9:47,25518
4/13/18 9:48,23218
4/13/18 9:49,19918
4/13/18 9:50,20817
4/13/18 9:51,19144
4/13/18 9:52,18844
4/13/18 9:53,20164
4/13/18 9:54,19714
4/13/18 9:55,19114
4/13/18 9:56,16613
4/13/18 9:57,15431
4/13/18 9:58,16642
4/13/18 9:59,18642
4/13/18 10:00,20492
4/13/18 10:01,15809
4/13/18 10:02,15009
4/13/18 10:03,14319
4/13/18 10:04,14419
4/13/18 10:05,13819
4/13/18 10:06,14999
4/13/18 10:07,14499
4/13/18 10:08,15299
4/13/18 10:09,14180
4/13/18 10:10,16380
4/13/18 10:11,11643
4/13/18 10:12,10343
4/13/18 10:13,11794
4/13/18 10:14,14421
4/13/18 10:15,15021
4/13/18 10:16,20341
4/13/18 10:17,22091
4/13/18 10:18,20391
4/13/18 10:19,21391
4/13/18 10:20,18941
4/13/18 10:21,18841
4/13/18 10:22,22341
4/13/18 10:23,21741
4/13/18 10:24,21941
4/13/18 10:25,20596
4/13/18 10:26,20196
4/13/18 10:27,18172
4/13/18 10:28,15437
4/13/18 10:29,19065
4/13/18 10:30,18065
4/13/18 10:31,13839
4/13/18 10:32,10629
4/13/18 10:33,11696
4/13/18 10:34,13613
4/13/18 10:35,12513
4/13/18 10:36,10640
4/13/18 10:37,10490
4/13/18 10:38,9497
4/13/18 10:39,9947
4/13/18 10:40,8847
4/13/18 10:41,11047
4/13/18 10:42,10347
4/13/18 10:43,10947
4/13/18 10:44,16199
4/13/18 10:45,14555
4/13/18 10:46,9461
4/13/18 10:47,10437
4/13/18 10:48,8437
4/13/18 10:49,9587
4/13/18 10:50,7848
4/13/18 10:51,8564
4/13/18 10:52,8756
4/13/18 10:53,8256
4/13/18 10:54,7756
4/13/18 10:55,6756
4/13/18 10:56,5506
4/13/18 10:57,5406
4/13/18 10:58,5506
4/13/18 10:59,4756
4/13/18 11:00,5005
4/13/18 11:01,843
4/13/18 11:02,-1257
4/13/18 11:03,4432
4/13/18 11:04,2632
4/13/18 11:05,-10725
4/13/18 11:06,-8725
4/13/18 11:07,-7925
4/13/18 11:08,-6066
4/13/18 11:09,-3753
4/13/18 11:10,-2853
4/13/18 11:11,-7422
4/13/18 11:12,-8522
4/13/18 11:13,-8822
4/13/18 11:14,-9722
4/13/18 11:15,-10422
4/13/18 11:16,-6482
4/13/18 11:17,-4482
4/13/18 11:18,-3882
4/13/18 11:19,-4982
4/13/18 11:20,-5282
4/13/18 11:21,-5082
4/13/18 11:22,-5852
4/13/18 11:23,-7052
4/13/18 11:24,-5752
4/13/18 11:25,-5252
4/13/18 11:26,-5052
4/13/18 11:27,-5252
4/13/18 11:28,-5747
4/13/18 11:29,-5147
4/13/18 11:30,-4947
4/13/18 11:31,-5247
4/13/18 11:32,-4247
4/13/18 11:34,-3542
4/13/18 11:35,-4442
4/13/18 11:36,-5521
4/13/18 11:37,-4921
4/13/18 11:38,-5421
4/13/18 11:39,-9361
4/13/18 11:40,-8061
4/13/18 11:41,-9561
4/13/18 11:42,-8461
4/13/18 11:43,-7105
4/13/18 11:44,-6205
4/13/18 11:45,-5305
4/13/18 11:46,-4299
4/13/18 11:47,-6299
4/13/18 11:48,-5799
4/13/18 11:49,-8299
4/13/18 11:50,-8099
4/13/18 11:51,-11164
4/13/18 11:52,-9133
4/13/18 11:53,-9233
4/13/18 11:54,-14257
4/13/18 11:55,-20463
4/13/18 11:56,-17313
4/13/18 11:57,-15833
4/13/18 11:58,-15177
4/13/18 11:59,-14844
4/13/18 12:01,-14444
4/13/18 12:02,-12944
4/13/18 12:03,-13544
4/13/18 12:04,-13844
4/13/18 12:06,-14244
4/13/18 12:07,-14644
4/13/18 12:08,-15402
4/13/18 12:09,-16602
4/13/18 12:10,-17182
4/13/18 12:11,-18194
4/13/18 12:12,-20182
4/13/18 12:13,-19254
4/13/18 12:14,-18954
4/13/18 12:15,-18154
4/13/18 12:16,-20689
4/13/18 12:18,-20789
4/13/18 12:20,-19789
4/13/18 12:22,-17694
4/13/18 12:23,-17194
4/13/18 12:24,-17294
4/13/18 12:25,-17625
4/13/18 12:26,-17825
4/13/18 12:27,-18825
4/13/18 12:28,-19025
4/13/18 12:29,-18525
4/13/18 12:30,-16925
4/13/18 12:31,-17525
4/13/18 12:32,-17325
4/13/18 12:33,-17725
4/13/18 12:34,-15625
4/13/18 12:35,-15925
4/13/18 12:36,-16325
4/13/18 12:37,-16131
4/13/18 12:38,-16531
4/13/18 12:39,-16231
4/13/18 12:40,-16331
4/13/18 12:41,-15451
4/13/18 12:42,-15851
4/13/18 12:46,-15951
4/13/18 12:47,-15951
4/13/18 12:48,-17051
4/13/18 12:49,-16651
4/13/18 12:50,-15889
4/13/18 12:51,-15189
4/13/18 12:53,-14589
4/13/18 12:54,-12889
4/13/18 12:55,-13189
4/13/18 12:57,-12739
4/13/18 12:58,-11742
4/13/18 12:59,-11642
4/13/18 13:00,-11142
4/13/18 13:01,-11592
4/13/18 13:02,-9365
4/13/18 13:03,-9685
4/13/18 13:04,-9077
4/13/18 13:06,-7577
4/13/18 13:08,-8177
4/13/18 13:09,-6470
4/13/18 13:10,-4461
4/13/18 13:11,-4561
4/13/18 13:12,-4561
4/13/18 13:13,-4761
4/13/18 13:14,-5261
4/13/18 13:15,-4956
4/13/18 13:16,-1632
4/13/18 13:17,-1932
4/13/18 13:18,-4319
4/13/18 13:19,-4019
4/13/18 13:20,-4919
4/13/18 13:21,-4819
4/13/18 13:22,-6120
4/13/18 13:23,-5680
4/13/18 13:24,-4147
4/13/18 13:25,-3547
4/13/18 13:26,-3147
4/13/18 13:27,-4147
4/13/18 13:28,-3147
4/13/18 13:29,-4929
4/13/18 13:30,-4529
4/13/18 13:31,-5429
4/13/18 13:32,-7285
4/13/18 13:33,-6385
4/13/18 13:34,-7637
4/13/18 13:35,-5858
4/13/18 13:36,-6058
4/13/18 13:37,-6258
4/13/18 13:38,-5555
4/13/18 13:40,-5555
4/13/18 13:41,-4092
4/13/18 13:42,-3692
4/13/18 13:43,-2700
4/13/18 13:46,-3000
4/13/18 13:47,-2750
4/13/18 13:48,-1550
4/13/18 13:49,-2450
4/13/18 13:50,-2550
4/13/18 13:51,-2350
4/13/18 13:52,-1311
4/13/18 13:53,6433
4/13/18 13:54,8231
4/13/18 13:55,8531
4/13/18 13:56,8331
4/13/18 13:57,12805
4/13/18 13:58,10305
4/13/18 13:59,12491
4/13/18 14:00,12791
4/13/18 14:01,11240
4/13/18 14:02,10940
4/13/18 14:03,11040
4/13/18 14:04,11140
4/13/18 14:05,8765
4/13/18 14:06,7515
4/13/18 14:07,8060
4/13/18 14:08,8385
4/13/18 14:09,7585
4/13/18 14:10,6423
4/13/18 14:11,7023
4/13/18 14:12,5723
4/13/18 14:13,5323
4/13/18 14:14,7574
4/13/18 14:16,5608
4/13/18 14:17,4608
4/13/18 14:18,-947
4/13/18 14:19,-4447
4/13/18 14:20,-1147
4/13/18 14:21,-1417
4/13/18 14:22,-637
4/13/18 14:23,-1184
4/13/18 14:24,-984
4/13/18 14:25,56
4/13/18 14:26,-544
4/13/18 14:27,-344
4/13/18 14:28,1156
4/13/18 14:29,-444
4/13/18 14:30,1389
4/13/18 14:31,189
4/13/18 14:32,889
4/13/18 14:33,1539
4/13/18 14:34,4439
4/13/18 14:35,3939
4/13/18 14:37,3739
4/13/18 14:39,3539
4/13/18 14:41,3039
4/13/18 14:42,2239
4/13/18 14:43,2539
4/13/18 14:45,2172
4/13/18 14:46,2823
4/13/18 14:47,3592
4/13/18 14:48,1992
4/13/18 14:50,1180
4/13/18 14:51,980
4/13/18 14:52,-566
4/13/18 14:53,-1499
4/13/18 14:54,-849
4/13/18 14:55,1792
4/13/18 14:56,-133
4/13/18 14:57,-733
4/13/18 14:58,-3516
4/13/18 14:59,-3316
4/13/18 15:00,-2616
4/13/18 15:01,-3216
4/13/18 15:02,-4856
4/13/18 15:03,-7141
4/13/18 15:04,-5645
4/13/18 15:05,-12857
4/13/18 15:06,-17343
4/13/18 15:07,-14343
4/13/18 15:08,-19316
4/13/18 15:09,-16770
4/13/18 15:10,-17870
4/13/18 15:11,-17193
4/13/18 15:12,-15493
4/13/18 15:13,-16893
4/13/18 15:14,-18475
4/13/18 15:15,-16475
4/13/18 15:16,-20592
4/13/18 15:17,-22051
4/13/18 15:18,-23444
4/13/18 15:19,-26170
4/13/18 15:20,-28220
4/13/18 15:21,-24766
4/13/18 15:22,-23511
4/13/18 15:23,-21071
4/13/18 15:24,-27339
4/13/18 15:25,-36228
4/13/18 15:26,-31529
4/13/18 15:27,-32329
4/13/18 15:28,-45047
4/13/18 15:29,-48447
4/13/18 15:30,-47047
4/13/18 15:31,-47147
4/13/18 15:32,-44814
4/13/18 15:33,-44514
4/13/18 15:34,-41342
4/13/18 15:35,-38002
4/13/18 15:36,-39502
4/13/18 15:37,-39002
4/13/18 15:38,-40342
4/13/18 15:39,-40842
4/13/18 15:40,-37211
4/13/18 15:41,-33649
4/13/18 15:42,-35099
4/13/18 15:43,-34308
4/13/18 15:44,-40966
4/13/18 15:45,-42716
4/13/18 15:46,-40016
4/13/18 15:47,-41316
4/13/18 15:48,-44871
4/13/18 15:49,-43313
4/13/18 15:50,-41497
4/13/18 15:51,-37806
4/13/18 15:52,-35196
4/13/18 15:53,-32657
4/13/18 15:54,-29883
4/13/18 15:55,-33010
4/13/18 15:56,-38582
4/13/18 15:57,-35164
4/13/18 15:58,-27890
4/13/18 15:59,-34526
4/13/18 16:00,44000
4/16/18 9:30,58317
4/16/18 9:31,65064
4/16/18 9:32,64264
4/16/18 9:33,67464
4/16/18 9:34,65814
4/16/18 9:35,62940
4/16/18 9:36,59148
4/16/18 9:37,56125
4/16/18 9:38,58935
4/16/18 9:39,61262
4/16/18 9:40,65161
4/16/18 9:41,63903
4/16/18 9:42,51908
4/16/18 9:43,54308
4/16/18 9:44,56167
4/16/18 9:45,49267
4/16/18 9:46,51667
4/16/18 9:47,52667
4/16/18 9:48,50539
4/16/18 9:49,49889
4/16/18 9:50,46645
4/16/18 9:51,43656
4/16/18 9:52,42356
4/16/18 9:53,40956
4/16/18 9:54,39256
4/16/18 9:55,40956
4/16/18 9:56,39595
4/16/18 9:57,39197
4/16/18 9:58,41297
4/16/18 9:59,40497
4/16/18 10:00,42797
4/16/18 10:01,43297
4/16/18 10:02,44397
4/16/18 10:03,46052
4/16/18 10:04,47619
4/16/18 10:05,51520
4/16/18 10:06,49920
4/16/18 10:07,49370
4/16/18 10:08,48681
4/16/18 10:09,51780
4/16/18 10:10,54830
4/16/18 10:11,53830
4/16/18 10:12,51880
4/16/18 10:13,51580
4/16/18 10:14,51080
4/16/18 10:15,50680
4/16/18 10:16,51680
4/16/18 10:17,50880
4/16/18 10:19,49171
4/16/18 10:20,49846
4/16/18 10:21,50146
4/16/18 10:22,48646
4/16/18 10:24,49146
4/16/18 10:25,50440
4/16/18 10:26,49015
4/16/18 10:27,47915
4/16/18 10:28,50708
4/16/18 10:29,55208
4/16/18 10:30,57908
4/16/18 10:31,54870
4/16/18 10:32,56270
4/16/18 10:33,53988
4/16/18 10:34,52388
4/16/18 10:35,52188
4/16/18 10:36,49888
4/16/18 10:37,50230
4/16/18 10:38,51769
4/16/18 10:39,51469
4/16/18 10:40,52258
4/16/18 10:41,51858
4/16/18 10:42,50258
4/16/18 10:43,49958
4/16/18 10:44,49458
4/16/18 10:45,49833
4/16/18 10:46,50233
4/16/18 10:47,49433
4/16/18 10:48,48883
4/16/18 10:49,48583
4/16/18 10:50,46463
4/16/18 10:51,46863
4/16/18 10:52,48303
4/16/18 10:53,48903
4/16/18 10:54,49303
4/16/18 10:55,51963
4/16/18 10:56,50463
4/16/18 10:57,51107
4/16/18 10:58,52207
4/16/18 10:59,53157
4/16/18 11:00,51857
4/16/18 11:01,54551
4/16/18 11:02,54051
4/16/18 11:03,59850
4/16/18 11:04,58750
4/16/18 11:05,56250
4/16/18 11:06,56850
4/16/18 11:07,56150
4/16/18 11:08,56050
4/16/18 11:09,56750
4/16/18 11:10,55750
4/16/18 11:11,54150
4/16/18 11:12,54550
4/16/18 11:13,51760
4/16/18 11:14,53360
4/16/18 11:15,50115
4/16/18 11:16,54010
4/16/18 11:17,54964
4/16/18 11:18,56364
4/16/18 11:19,58364
4/16/18 11:20,59364
4/16/18 11:21,61834
4/16/18 11:22,63035
4/16/18 11:23,62533
4/16/18 11:24,61433
4/16/18 11:25,62633
4/16/18 11:26,62024
4/16/18 11:27,61325
4/16/18 11:28,62137
4/16/18 11:29,63943
4/16/18 11:30,64767
4/16/18 11:31,64267
4/16/18 11:32,65627
4/16/18 11:33,66227
4/16/18 11:34,65292
4/16/18 11:35,64198
4/16/18 11:36,64298
4/16/18 11:37,65398
4/16/18 11:38,64551
4/16/18 11:39,65051
4/16/18 11:40,64851
4/16/18 11:41,64951
4/16/18 11:42,66001
4/16/18 11:43,65102
4/16/18 11:44,65802
4/16/18 11:45,66402
4/16/18 11:47,65602
4/16/18 11:48,65002
4/16/18 11:49,65102
4/16/18 11:50,64234
4/16/18 11:51,64534
4/16/18 11:52,63834
4/16/18 11:53,63634
4/16/18 11:54,64134
4/16/18 11:55,63834
4/16/18 11:56,62174
4/16/18 11:57,61974
4/16/18 11:58,61774
4/16/18 11:59,63974
4/16/18 12:00,63974
4/16/18 12:01,69964
4/16/18 12:02,68348
4/16/18 12:03,69340
4/16/18 12:04,71420
4/16/18 12:05,70520
4/16/18 12:06,71795
4/16/18 12:07,70945
4/16/18 12:08,70745
4/16/18 12:09,71595
4/16/18 12:10,71989
4/16/18 12:11,72814
4/16/18 12:12,71414
4/16/18 12:13,72424
4/16/18 12:14,76428
4/16/18 12:15,77128
4/16/18 12:16,77028
4/16/18 12:17,75628
4/16/18 12:18,77185
4/16/18 12:19,76610
4/16/18 12:20,76310
4/16/18 12:21,77425
4/16/18 12:22,76608
4/16/18 12:23,75708
4/16/18 12:25,76777
4/16/18 12:26,76377
4/16/18 12:27,76477
4/16/18 12:28,76973
4/16/18 12:29,76373
4/16/18 12:30,75473
4/16/18 12:31,76220
4/16/18 12:32,79129
4/16/18 12:33,79929
4/16/18 12:35,78529
4/16/18 12:36,77329
4/16/18 12:37,69829
4/16/18 12:38,70459
4/16/18 12:39,70859
4/16/18 12:40,70959
4/16/18 12:41,71059
4/16/18 12:42,72459
4/16/18 12:43,74487
4/16/18 12:44,75427
4/16/18 12:45,74147
4/16/18 12:46,74783
4/16/18 12:47,75483
4/16/18 12:48,76183
4/16/18 12:49,77183
4/16/18 12:50,76356
4/16/18 12:51,76756
4/16/18 12:52,78374
4/16/18 12:53,79589
4/16/18 12:54,79289
4/16/18 12:55,80089
4/16/18 12:56,80589
4/16/18 12:57,79742
4/16/18 12:58,81942
4/16/18 12:59,81742
4/16/18 13:00,80692
4/16/18 13:01,82094
4/16/18 13:02,81094
4/16/18 13:03,80594
4/16/18 13:04,80894
4/16/18 13:05,82669
4/16/18 13:06,84869
4/16/18 13:07,87337
4/16/18 13:08,87937
4/16/18 13:09,86272
4/16/18 13:10,87774
4/16/18 13:11,87293
4/16/18 13:12,87641
4/16/18 13:13,86467
4/16/18 13:14,87113
4/16/18 13:15,88493
4/16/18 13:16,88893
4/16/18 13:17,86993
4/16/18 13:18,85893
4/16/18 13:19,84558
4/16/18 13:20,83458
4/16/18 13:21,84008
4/16/18 13:22,83267
4/16/18 13:23,85467
4/16/18 13:24,84017
4/16/18 13:25,83617
4/16/18 13:26,84817
4/16/18 13:27,83902
4/16/18 13:28,84302
4/16/18 13:29,84919
4/16/18 13:31,84619
4/16/18 13:32,85919
4/16/18 13:33,83619
4/16/18 13:34,85192
4/16/18 13:35,82005
4/16/18 13:36,83305
4/16/18 13:37,82105
4/16/18 13:38,84305
4/16/18 13:39,86405
4/16/18 13:40,87695
4/16/18 13:41,88695
4/16/18 13:42,88395
4/16/18 13:43,86995
4/16/18 13:44,87395
4/16/18 13:45,87495
4/16/18 13:46,88395
4/16/18 13:47,87475
4/16/18 13:48,88622
4/16/18 13:49,88622
4/16/18 13:50,87722
4/16/18 13:51,87322
4/16/18 13:52,88822
4/16/18 13:53,88022
4/16/18 13:54,87822
4/16/18 13:55,88692
4/16/18 13:56,88492
4/16/18 13:57,87292
4/16/18 13:58,82272
4/16/18 13:59,81672
4/16/18 14:00,82272
4/16/18 14:01,82964
4/16/18 14:02,83164
4/16/18 14:03,81697
4/16/18 14:04,77657
4/16/18 14:05,75214
4/16/18 14:06,71364
4/16/18 14:07,71969
4/16/18 14:08,72169
4/16/18 14:09,74269
4/16/18 14:10,74969
4/16/18 14:11,75469
4/16/18 14:13,75069
4/16/18 14:14,75559
4/16/18 14:15,75259
4/16/18 14:16,75673
4/16/18 14:17,76573
4/16/18 14:18,76273
4/16/18 14:19,75873
4/16/18 14:20,75071
4/16/18 14:21,75771
4/16/18 14:23,75271
4/16/18 14:24,74971
4/16/18 14:25,75271
4/16/18 14:26,74471
4/16/18 14:27,73771
4/16/18 14:28,74521
4/16/18 14:29,74421
4/16/18 14:30,75021
4/16/18 14:31,75521
4/16/18 14:32,75721
4/16/18 14:33,75621
4/16/18 14:34,75021
4/16/18 14:35,76380
4/16/18 14:36,77980
4/16/18 14:37,77780
4/16/18 14:38,78080
4/16/18 14:39,77490
4/16/18 14:40,79390
4/16/18 14:41,80070
4/16/18 14:42,79870
4/16/18 14:43,78270
4/16/18 14:44,77970
4/16/18 14:45,76670
4/16/18 14:46,77620
4/16/18 14:47,79402
4/16/18 14:48,79932
4/16/18 14:49,80932
4/16/18 14:50,78632
4/16/18 14:51,78632
4/16/18 14:52,76632
4/16/18 14:53,76832
4/16/18 14:54,75532
4/16/18 14:55,75332
4/16/18 14:56,74033
4/16/18 14:57,73383
4/16/18 14:58,73933
4/16/18 14:59,73333
4/16/18 15:00,73679
4/16/18 15:01,73279
4/16/18 15:02,74979
4/16/18 15:03,76235
4/16/18 15:04,73925
4/16/18 15:05,73400
4/16/18 15:06,71900
4/16/18 15:07,71300
4/16/18 15:08,69988
4/16/18 15:09,70705
4/16/18 15:10,69330
4/16/18 15:11,69430
4/16/18 15:12,69830
4/16/18 15:13,69630
4/16/18 15:14,66831
4/16/18 15:15,66231
4/16/18 15:16,67429
4/16/18 15:17,65994
4/16/18 15:18,65894
4/16/18 15:19,66395
4/16/18 15:20,67195
4/16/18 15:21,65995
4/16/18 15:22,64595
4/16/18 15:23,64033
4/16/18 15:24,63669
4/16/18 15:25,62069
4/16/18 15:26,60969
4/16/18 15:27,62249
4/16/18 15:28,61149
4/16/18 15:29,61929
4/16/18 15:30,63129
4/16/18 15:31,63429
4/16/18 15:32,63949
4/16/18 15:33,63449
4/16/18 15:34,62449
4/16/18 15:35,65471
4/16/18 15:36,67271
4/16/18 15:37,66671
4/16/18 15:38,65073
4/16/18 15:39,66193
4/16/18 15:40,64493
4/16/18 15:41,63093
4/16/18 15:42,61543
4/16/18 15:43,63919
4/16/18 15:44,67424
4/16/18 15:45,70924
4/16/18 15:46,68580
4/16/18 15:47,64523
4/16/18 15:48,57832
4/16/18 15:49,59032
4/16/18 15:50,60784
4/16/18 15:51,62936
4/16/18 15:52,66342
4/16/18 15:53,65032
4/16/18 15:54,60132
4/16/18 15:55,61969
4/16/18 15:56,61969
4/16/18 15:57,57963
4/16/18 15:58,56243
4/16/18 15:59,50867
4/16/18 16:00,-123045
4/17/18 9:30,-104459
4/17/18 9:31,-94658
4/17/18 9:32,-103212
4/17/18 9:33,-109487
4/17/18 9:34,-99654
4/17/18 9:35,-92554
4/17/18 9:36,-87032
4/17/18 9:37,-82497
4/17/18 9:38,-75471
4/17/18 9:39,-70289
4/17/18 9:40,-61892
4/17/18 9:41,-53992
4/17/18 9:42,-66252
4/17/18 9:43,-64652
4/17/18 9:44,-58385
4/17/18 9:45,-52816
4/17/18 9:46,-44126
4/17/18 9:47,-47291
4/17/18 9:48,-49372
4/17/18 9:49,-52871
4/17/18 9:50,-56811
4/17/18 9:51,-59161
4/17/18 9:52,-56864
4/17/18 9:53,-62619
4/17/18 9:54,-52875
4/17/18 9:55,-49280
4/17/18 9:56,-37326
4/17/18 9:57,-30393
4/17/18 9:58,-32119
4/17/18 9:59,-36814
4/17/18 10:00,-27586
4/17/18 10:01,-20961
4/17/18 10:02,-25669
4/17/18 10:03,-30059
4/17/18 10:04,-42500
4/17/18 10:05,-46500
4/17/18 10:06,-48700
4/17/18 10:07,-47250
4/17/18 10:08,-41375
4/17/18 10:09,-45332
4/17/18 10:10,-41448
4/17/18 10:11,-43311
4/17/18 10:12,-42011
4/17/18 10:13,-38841
4/17/18 10:14,-32958
4/17/18 10:15,-31154
4/17/18 10:16,-28635
4/17/18 10:17,-32135
4/17/18 10:18,-28335
4/17/18 10:19,-29835
4/17/18 10:20,-27663
4/17/18 10:21,-25240
4/17/18 10:22,-28161
4/17/18 10:23,-27011
4/17/18 10:24,-24100
4/17/18 10:25,-22580
4/17/18 10:26,-25453
4/17/18 10:27,-29003
4/17/18 10:28,-35901
4/17/18 10:29,-39537
4/17/18 10:30,-42030
4/17/18 10:31,-42930
4/17/18 10:32,-42030
4/17/18 10:33,-38897
4/17/18 10:34,-39197
4/17/18 10:35,-37597
4/17/18 10:36,-34773
4/17/18 10:37,-36387
4/17/18 10:38,-38235
4/17/18 10:39,-34807
4/17/18 10:40,-36957
4/17/18 10:41,-33798
4/17/18 10:42,-35098
4/17/18 10:43,-34498
4/17/18 10:44,-34698
4/17/18 10:45,-37412
4/17/18 10:46,-39212
4/17/18 10:47,-45699
4/17/18 10:48,-41899
4/17/18 10:49,-35269
4/17/18 10:50,-33781
4/17/18 10:51,-32797
4/17/18 10:52,-36105
4/17/18 10:53,-34005
4/17/18 10:54,-31605
4/17/18 10:55,-31605
4/17/18 10:56,-29674
4/17/18 10:57,-36469
4/17/18 10:58,-33128
4/17/18 10:59,-32428
4/17/18 11:00,-29162
4/17/18 11:01,-26162
4/17/18 11:02,-21068
4/17/18 11:03,-22268
4/17/18 11:04,-23468
4/17/18 11:05,-17178
4/17/18 11:06,-14701
4/17/18 11:07,-20063
4/17/18 11:08,-26063
4/17/18 11:09,-27820
4/17/18 11:10,-26520
4/17/18 11:11,-28623
4/17/18 11:12,-30423
4/17/18 11:13,-28778
4/17/18 11:14,-25578
4/17/18 11:15,-26678
4/17/18 11:16,-27478
4/17/18 11:17,-28678
4/17/18 11:18,-31093
4/17/18 11:19,-30693
4/17/18 11:20,-33813
4/17/18 11:21,-31353
4/17/18 11:22,-29853
4/17/18 11:23,-28853
4/17/18 11:24,-31453
4/17/18 11:25,-31753
4/17/18 11:26,-28003
4/17/18 11:27,-30087
4/17/18 11:28,-27987
4/17/18 11:29,-30287
4/17/18 11:30,-32587
4/17/18 11:31,-30647
4/17/18 11:32,-31167
4/17/18 11:33,-30467
4/17/18 11:34,-32464
4/17/18 11:35,-34164
4/17/18 11:36,-32764
4/17/18 11:37,-34254
4/17/18 11:38,-38988
4/17/18 11:39,-38528
4/17/18 11:40,-37728
4/17/18 11:41,-37128
4/17/18 11:42,-39628
4/17/18 11:43,-41341
4/17/18 11:44,-41841
4/17/18 11:45,-39610
4/17/18 11:46,-39210
4/17/18 11:47,-36795
4/17/18 11:48,-35895
4/17/18 11:49,-34647
4/17/18 11:50,-38327
4/17/18 11:51,-36082
4/17/18 11:52,-34592
4/17/18 11:53,-38989
4/17/18 11:54,-37175
4/17/18 11:55,-39761
4/17/18 11:56,-42539
4/17/18 11:57,-43139
4/17/18 11:58,-44489
4/17/18 11:59,-42489
4/17/18 12:00,-43539
4/17/18 12:01,-43139
4/17/18 12:02,-41439
4/17/18 12:03,-41889
4/17/18 12:04,-40189
4/17/18 12:05,-39146
4/17/18 12:06,-40646
4/17/18 12:07,-43846
4/17/18 12:08,-42246
4/17/18 12:09,-43446
4/17/18 12:10,-45058
4/17/18 12:11,-43958
4/17/18 12:12,-43548
4/17/18 12:13,-44548
4/17/18 12:14,-44248
4/17/18 12:15,-44548
4/17/18 12:16,-40285
4/17/18 12:17,-39285
4/17/18 12:18,-38685
4/17/18 12:19,-39285
4/17/18 12:20,-35785
4/17/18 12:21,-34485
4/17/18 12:22,-33165
4/17/18 12:23,-27505
4/17/18 12:24,-26205
4/17/18 12:25,-24492
4/17/18 12:26,-24392
4/17/18 12:27,-23192
4/17/18 12:28,-25092
4/17/18 12:29,-26612
4/17/18 12:30,-25280
4/17/18 12:31,-24780
4/17/18 12:32,-22582
4/17/18 12:33,-24186
4/17/18 12:34,-25581
4/17/18 12:35,-31196
4/17/18 12:36,-35281
4/17/18 12:37,-36781
4/17/18 12:38,-38581
4/17/18 12:39,-36981
4/17/18 12:40,-34531
4/17/18 12:41,-32333
4/17/18 12:42,-31633
4/17/18 12:43,-32533
4/17/18 12:44,-34433
4/17/18 12:45,-35533
4/17/18 12:46,-34308
4/17/18 12:47,-35708
4/17/18 12:48,-35608
4/17/18 12:49,-36708
4/17/18 12:50,-35538
4/17/18 12:51,-34838
4/17/18 12:52,-33333
4/17/18 12:53,-32733
4/17/18 12:54,-31933
4/17/18 12:55,-39533
4/17/18 12:56,-40233
4/17/18 12:57,-39633
4/17/18 12:58,-41936
4/17/18 12:59,-37147
4/17/18 13:00,-35847
4/17/18 13:01,-36847
4/17/18 13:02,-37201
4/17/18 13:03,-37601
4/17/18 13:04,-33998
4/17/18 13:05,-30748
4/17/18 13:06,-32448
4/17/18 13:07,-29608
4/17/18 13:08,-24583
4/17/18 13:09,-23493
4/17/18 13:10,-26783
4/17/18 13:11,-32083
4/17/18 13:12,-33933
4/17/18 13:13,-33133
4/17/18 13:14,-37287
4/17/18 13:15,-36887
4/17/18 13:16,-43915
4/17/18 13:17,-41564
4/17/18 13:18,-40764
4/17/18 13:19,-43098
4/17/18 13:20,-45024
4/17/18 13:21,-48767
4/17/18 13:22,-54246
4/17/18 13:23,-51946
4/17/18 13:24,-46097
4/17/18 13:25,-50820
4/17/18 13:26,-50420
4/17/18 13:27,-47421
4/17/18 13:28,-48021
4/17/18 13:29,-44846
4/17/18 13:30,-38796
4/17/18 13:31,-35647
4/17/18 13:32,-37804
4/17/18 13:34,-36804
4/17/18 13:35,-36504
4/17/18 13:36,-35970
4/17/18 13:37,-37502
4/17/18 13:38,-37002
4/17/18 13:39,-35622
4/17/18 13:40,-36422
4/17/18 13:41,-36422
4/17/18 13:42,-36322
4/17/18 13:43,-37885
4/17/18 13:44,-36835
4/17/18 13:45,-36735
4/17/18 13:46,-38090
4/17/18 13:47,-39242
4/17/18 13:48,-35236
4/17/18 13:49,-33514
4/17/18 13:50,-33714
4/17/18 13:51,-34941
4/17/18 13:52,-36476
4/17/18 13:53,-37976
4/17/18 13:54,-37426
4/17/18 13:55,-35826
4/17/18 13:56,-35526
4/17/18 13:57,-35926
4/17/18 13:58,-35026
4/17/18 13:59,-35326
4/17/18 14:00,-34826
4/17/18 14:01,-32026
4/17/18 14:02,-30918
4/17/18 14:03,-30218
4/17/18 14:04,-31068
4/17/18 14:05,-25623
4/17/18 14:06,-29073
4/17/18 14:07,-32273
4/17/18 14:08,-30848
4/17/18 14:09,-29048
4/17/18 14:10,-26098
4/17/18 14:11,-27583
4/17/18 14:12,-30303
4/17/18 14:13,-29603
4/17/18 14:14,-32003
4/17/18 14:15,-31483
4/17/18 14:16,-26530
4/17/18 14:17,-27230
4/17/18 14:18,-27230
4/17/18 14:19,-28130
4/17/18 14:20,-30480
4/17/18 14:21,-28333
4/17/18 14:22,-33732
4/17/18 14:23,-31932
4/17/18 14:24,-32732
4/17/18 14:25,-31532
4/17/18 14:26,-33684
4/17/18 14:27,-35584
4/17/18 14:28,-38425
4/17/18 14:29,-36358
4/17/18 14:30,-36758
4/17/18 14:31,-35958
4/17/18 14:32,-34128
4/17/18 14:33,-33628
4/17/18 14:34,-35454
4/17/18 14:35,-30583
4/17/18 14:36,-27163
4/17/18 14:37,-26688
4/17/18 14:38,-28371
4/17/18 14:39,-28038
4/17/18 14:40,-23879
4/17/18 14:41,-28279
4/17/18 14:42,-30679
4/17/18 14:43,-30179
4/17/18 14:44,-31304
4/17/18 14:45,-29804
4/17/18 14:46,-27776
4/17/18 14:47,-22227
4/17/18 14:48,-17192
4/17/18 14:49,-16692
4/17/18 14:50,-13482
4/17/18 14:51,-14694
4/17/18 14:52,-15594
4/17/18 14:53,-15094
4/17/18 14:54,-13498
4/17/18 14:55,-15292
4/17/18 14:56,-12926
4/17/18 14:57,-12220
4/17/18 14:58,-14019
4/17/18 14:59,-16214
4/17/18 15:00,-15514
4/17/18 15:01,-16349
4/17/18 15:02,-16949
4/17/18 15:03,-16049
4/17/18 15:04,-15404
4/17/18 15:05,-16704
4/17/18 15:06,-15304
4/17/18 15:07,-14704
4/17/18 15:08,-23482
4/17/18 15:09,-22392
4/17/18 15:10,-23876
4/17/18 15:11,-28676
4/17/18 15:12,-29276
4/17/18 15:13,-38532
4/17/18 15:14,-35106
4/17/18 15:15,-37466
4/17/18 15:16,-35866
4/17/18 15:17,-34966
4/17/18 15:18,-34766
4/17/18 15:19,-33966
4/17/18 15:20,-30784
4/17/18 15:21,-33093
4/17/18 15:22,-34343
4/17/18 15:23,-38859
4/17/18 15:24,-38959
4/17/18 15:25,-40059
4/17/18 15:26,-41765
4/17/18 15:27,-43464
4/17/18 15:28,-42222
4/17/18 15:29,-41222
4/17/18 15:30,-42222
4/17/18 15:31,-41022
4/17/18 15:32,-39922
4/17/18 15:33,-36522
4/17/18 15:34,-34922
4/17/18 15:35,-32122
4/17/18 15:36,-33845
4/17/18 15:37,-32145
4/17/18 15:38,-30545
4/17/18 15:39,-29060
4/17/18 15:40,-30560
4/17/18 15:41,-26675
4/17/18 15:42,-28425
4/17/18 15:43,-30220
4/17/18 15:44,-28030
4/17/18 15:45,-26252
4/17/18 15:46,-30296
4/17/18 15:47,-28647
4/17/18 15:48,-31850
4/17/18 15:49,-30831
4/17/18 15:50,-30831
4/17/18 15:51,-37531
4/17/18 15:52,-32227
4/17/18 15:53,-42415
4/17/18 15:54,-32800
4/17/18 15:55,-41277
4/17/18 15:56,-32704
4/17/18 15:57,-37804
4/17/18 15:58,-37804
4/17/18 15:59,-25406
4/17/18 16:00,-174073
4/18/18 9:30,-151035
4/18/18 9:31,-163883
4/18/18 9:32,-173943
4/18/18 9:33,-170422
4/18/18 9:34,-175572
4/18/18 9:35,-169942
4/18/18 9:36,-165937
4/18/18 9:37,-152777
4/18/18 9:38,-155880
4/18/18 9:39,-165134
4/18/18 9:40,-169777
4/18/18 9:41,-164527
4/18/18 9:42,-157278
4/18/18 9:43,-151627
4/18/18 9:44,-155394
4/18/18 9:45,-161194
4/18/18 9:46,-164423
4/18/18 9:47,-171714
4/18/18 9:48,-166139
4/18/18 9:49,-157831
4/18/18 9:50,-155731
4/18/18 9:51,-157831
4/18/18 9:52,-160631
4/18/18 9:53,-163412
4/18/18 9:54,-160206
4/18/18 9:55,-148035
4/18/18 9:56,-140385
4/18/18 9:57,-145507
4/18/18 9:58,-148875
4/18/18 9:59,-154045
4/18/18 10:00,-157685
4/18/18 10:01,-161710
4/18/18 10:02,-166110
4/18/18 10:03,-172024
4/18/18 10:04,-167024
4/18/18 10:05,-168168
4/18/18 10:06,-174368
4/18/18 10:07,-178198
4/18/18 10:08,-176130
4/18/18 10:09,-177130
4/18/18 10:10,-173686
4/18/18 10:11,-174991
4/18/18 10:12,-171522
4/18/18 10:13,-172517
4/18/18 10:14,-175432
4/18/18 10:15,-172282
4/18/18 10:16,-170882
4/18/18 10:17,-167882
4/18/18 10:18,-165132
4/18/18 10:19,-169830
4/18/18 10:20,-168307
4/18/18 10:21,-164402
4/18/18 10:22,-165898
4/18/18 10:23,-164598
4/18/18 10:24,-168585
4/18/18 10:25,-167745
4/18/18 10:26,-170545
4/18/18 10:27,-174199
4/18/18 10:28,-170551
4/18/18 10:29,-169151
4/18/18 10:30,-167451
4/18/18 10:31,-163450
4/18/18 10:32,-161842
4/18/18 10:33,-157614
4/18/18 10:34,-159514
4/18/18 10:35,-161072
4/18/18 10:36,-160557
4/18/18 10:37,-159006
4/18/18 10:38,-158106
4/18/18 10:39,-158706
4/18/18 10:40,-157706
4/18/18 10:41,-157406
4/18/18 10:42,-158832
4/18/18 10:43,-159441
4/18/18 10:44,-158383
4/18/18 10:45,-157383
4/18/18 10:46,-155933
4/18/18 10:47,-156833
4/18/18 10:48,-158536
4/18/18 10:49,-159542
4/18/18 10:50,-158544
4/18/18 10:51,-158344
4/18/18 10:52,-159244
4/18/18 10:53,-158349
4/18/18 10:54,-157805
4/18/18 10:55,-158605
4/18/18 10:56,-158405
4/18/18 10:57,-157481
4/18/18 10:58,-157381
4/18/18 10:59,-158181
4/18/18 11:00,-156766
4/18/18 11:01,-156266
4/18/18 11:02,-152443
4/18/18 11:03,-153656
4/18/18 11:04,-153056
4/18/18 11:05,-151356
4/18/18 11:06,-153004
4/18/18 11:07,-151391
4/18/18 11:08,-150885
4/18/18 11:09,-151985
4/18/18 11:10,-153435
4/18/18 11:11,-151635
4/18/18 11:12,-152235
4/18/18 11:13,-151035
4/18/18 11:14,-148749
4/18/18 11:15,-147835
4/18/18 11:16,-148635
4/18/18 11:17,-150235
4/18/18 11:18,-151816
4/18/18 11:19,-151616
4/18/18 11:20,-152040
4/18/18 11:22,-153490
4/18/18 11:23,-155103
4/18/18 11:24,-158403
4/18/18 11:25,-156966
4/18/18 11:26,-155861
4/18/18 11:27,-154112
4/18/18 11:28,-153112
4/18/18 11:29,-151612
4/18/18 11:30,-152757
4/18/18 11:31,-154056
4/18/18 11:32,-154506
4/18/18 11:33,-156206
4/18/18 11:34,-158930
4/18/18 11:35,-156225
4/18/18 11:36,-156225
4/18/18 11:37,-155725
4/18/18 11:38,-158143
4/18/18 11:39,-158743
4/18/18 11:40,-151942
4/18/18 11:41,-151342
4/18/18 11:42,-151847
4/18/18 11:43,-149847
4/18/18 11:44,-152447
4/18/18 11:45,-155067
4/18/18 11:46,-156690
4/18/18 11:47,-159583
4/18/18 11:48,-163562
4/18/18 11:49,-159311
4/18/18 11:50,-159811
4/18/18 11:51,-158919
4/18/18 11:52,-158014
4/18/18 11:53,-155814
4/18/18 11:54,-157414
4/18/18 11:55,-156614
4/18/18 11:56,-156994
4/18/18 11:57,-157994
4/18/18 11:58,-158294
4/18/18 11:59,-159194
4/18/18 12:00,-159820
4/18/18 12:02,-159320
4/18/18 12:03,-159420
4/18/18 12:05,-156460
4/18/18 12:06,-158422
4/18/18 12:07,-157372
4/18/18 12:08,-153822
4/18/18 12:09,-151008
4/18/18 12:10,-151708
4/18/18 12:11,-150908
4/18/18 12:12,-151308
4/18/18 12:13,-153008
4/18/18 12:14,-151608
4/18/18 12:15,-151208
4/18/18 12:16,-152308
4/18/18 12:17,-153523
4/18/18 12:18,-154023
4/18/18 12:19,-155123
4/18/18 12:20,-155223
4/18/18 12:21,-158240
4/18/18 12:22,-159103
4/18/18 12:23,-158050
4/18/18 12:24,-157585
4/18/18 12:25,-157235
4/18/18 12:26,-155425
4/18/18 12:27,-156375
4/18/18 12:28,-156875
4/18/18 12:29,-157275
4/18/18 12:30,-157175
4/18/18 12:31,-157575
4/18/18 12:32,-158425
4/18/18 12:33,-158725
4/18/18 12:34,-157591
4/18/18 12:35,-158191
4/18/18 12:36,-158091
4/18/18 12:37,-159444
4/18/18 12:38,-161273
4/18/18 12:39,-164573
4/18/18 12:40,-164473
4/18/18 12:41,-163648
4/18/18 12:42,-163173
4/18/18 12:43,-163573
4/18/18 12:44,-163773
4/18/18 12:45,-163305
4/18/18 12:46,-163305
4/18/18 12:47,-162793
4/18/18 12:48,-161923
4/18/18 12:49,-162823
4/18/18 12:50,-163425
4/18/18 12:52,-163225
4/18/18 12:53,-161225
4/18/18 12:54,-162125
4/18/18 12:55,-162025
4/18/18 12:56,-162725
4/18/18 12:57,-161515
4/18/18 12:58,-162315
4/18/18 12:59,-162985
4/18/18 13:00,-163085
4/18/18 13:01,-164585
4/18/18 13:03,-164835
4/18/18 13:04,-165235
4/18/18 13:05,-164735
4/18/18 13:06,-164135
4/18/18 13:07,-164435
4/18/18 13:08,-164535
4/18/18 13:10,-165535
4/18/18 13:12,-165635
4/18/18 13:13,-164235
4/18/18 13:14,-163635
4/18/18 13:15,-162264
4/18/18 13:16,-162464
4/18/18 13:17,-163064
4/18/18 13:18,-163764
4/18/18 13:19,-164464
4/18/18 13:20,-164064
4/18/18 13:21,-163564
4/18/18 13:23,-162364
4/18/18 13:24,-164964
4/18/18 13:25,-165564
4/18/18 13:26,-167174
4/18/18 13:27,-167274
4/18/18 13:29,-166474
4/18/18 13:30,-166574
4/18/18 13:32,-166174
4/18/18 13:33,-166973
4/18/18 13:34,-166873
4/18/18 13:37,-166873
4/18/18 13:38,-166573
4/18/18 13:39,-167673
4/18/18 13:40,-168173
4/18/18 13:41,-169073
4/18/18 13:42,-169568
4/18/18 13:43,-169468
4/18/18 13:44,-169968
4/18/18 13:45,-170468
4/18/18 13:46,-170250
4/18/18 13:47,-171021
4/18/18 13:48,-172028
4/18/18 13:49,-170145
4/18/18 13:50,-169945
4/18/18 13:51,-170045
4/18/18 13:52,-169945
4/18/18 13:53,-168625
4/18/18 13:54,-168525
4/18/18 13:55,-168825
4/18/18 13:56,-167983
4/18/18 13:57,-167883
4/18/18 13:58,-168803
4/18/18 13:59,-168903
4/18/18 14:00,-169303
4/18/18 14:01,-172058
4/18/18 14:02,-170368
4/18/18 14:03,-170868
4/18/18 14:04,-171068
4/18/18 14:05,-170768
4/18/18 14:06,-168279
4/18/18 14:07,-166679
4/18/18 14:08,-166579
4/18/18 14:09,-167479
4/18/18 14:10,-167679
4/18/18 14:11,-167479
4/18/18 14:12,-167179
4/18/18 14:13,-167879
4/18/18 14:14,-166579
4/18/18 14:15,-166479
4/18/18 14:16,-165501
4/18/18 14:17,-163161
4/18/18 14:18,-165011
4/18/18 14:19,-165911
4/18/18 14:20,-165511
4/18/18 14:21,-165861
4/18/18 14:22,-166361
4/18/18 14:23,-164761
4/18/18 14:24,-165468
4/18/18 14:25,-165908
4/18/18 14:26,-166208
4/18/18 14:27,-164835
4/18/18 14:28,-164358
4/18/18 14:29,-163858
4/18/18 14:30,-163558
4/18/18 14:32,-163458
4/18/18 14:33,-163658
4/18/18 14:34,-162858
4/18/18 14:35,-162558
4/18/18 14:36,-162058
4/18/18 14:37,-163558
4/18/18 14:38,-164258
4/18/18 14:39,-163258
4/18/18 14:40,-165753
4/18/18 14:41,-165653
4/18/18 14:42,-164457
4/18/18 14:43,-166157
4/18/18 14:45,-165357
4/18/18 14:46,-165057
4/18/18 14:47,-164857
4/18/18 14:48,-166457
4/18/18 14:49,-166257
4/18/18 14:50,-168104
4/18/18 14:51,-169104
4/18/18 14:52,-166454
4/18/18 14:53,-166754
4/18/18 14:54,-166954
4/18/18 14:55,-167654
4/18/18 14:56,-167454
4/18/18 14:57,-167704
4/18/18 14:58,-167004
4/18/18 14:59,-167604
4/18/18 15:00,-170022
4/18/18 15:01,-169122
4/18/18 15:02,-169422
4/18/18 15:03,-169222
4/18/18 15:04,-168722
4/18/18 15:05,-169022
4/18/18 15:06,-167313
4/18/18 15:07,-166413
4/18/18 15:08,-165278
4/18/18 15:09,-166428
4/18/18 15:10,-167428
4/18/18 15:11,-166762
4/18/18 15:12,-167762
4/18/18 15:13,-167334
4/18/18 15:14,-169159
4/18/18 15:15,-170059
4/18/18 15:16,-169192
4/18/18 15:17,-170292
4/18/18 15:18,-169092
4/18/18 15:19,-169692
4/18/18 15:20,-170506
4/18/18 15:21,-168445
4/18/18 15:22,-169838
4/18/18 15:23,-171959
4/18/18 15:24,-172666
4/18/18 15:25,-174866
4/18/18 15:26,-174766
4/18/18 15:27,-174088
4/18/18 15:28,-175192
4/18/18 15:29,-176342
4/18/18 15:30,-176742
4/18/18 15:31,-177542
4/18/18 15:32,-178042
4/18/18 15:33,-176842
4/18/18 15:34,-176942
4/18/18 15:35,-175592
4/18/18 15:36,-174992
4/18/18 15:37,-177570
4/18/18 15:38,-179365
4/18/18 15:39,-180425
4/18/18 15:40,-181160
4/18/18 15:41,-182987
4/18/18 15:42,-178523
4/18/18 15:43,-177218
4/18/18 15:44,-175718
4/18/18 15:45,-174418
4/18/18 15:46,-172418
4/18/18 15:47,-174918
4/18/18 15:48,-173548
4/18/18 15:49,-176248
4/18/18 15:50,-178871
4/18/18 15:51,-177146
4/18/18 15:52,-175248
4/18/18 15:53,-177648
4/18/18 15:54,-180748
4/18/18 15:55,-175798
4/18/18 15:56,-179379
4/18/18 15:57,-176943
4/18/18 15:58,-178443
4/18/18 15:59,-181554
4/18/18 16:00,-129245
4/19/18 9:30,-144405
4/19/18 9:31,-141805
4/19/18 9:32,-137405
4/19/18 9:33,-145596
4/19/18 9:34,-139381
4/19/18 9:35,-140698
4/19/18 9:36,-142893
4/19/18 9:37,-136554
4/19/18 9:38,-137554
4/19/18 9:39,-134061
4/19/18 9:40,-136041
4/19/18 9:41,-138375
4/19/18 9:42,-135524
4/19/18 9:43,-133084
4/19/18 9:44,-129145
4/19/18 9:45,-130445
4/19/18 9:46,-131943
4/19/18 9:47,-130918
4/19/18 9:48,-133819
4/19/18 9:49,-135119
4/19/18 9:50,-132869
4/19/18 9:51,-130169
4/19/18 9:52,-131069
4/19/18 9:53,-126869
4/19/18 9:54,-125729
4/19/18 9:55,-123429
4/19/18 9:56,-127679
4/19/18 9:57,-122356
4/19/18 9:58,-116656
4/19/18 9:59,-106214
4/19/18 10:00,-112648
4/19/18 10:01,-115618
4/19/18 10:02,-119064
4/19/18 10:03,-116864
4/19/18 10:04,-118564
4/19/18 10:05,-114942
4/19/18 10:06,-117342
4/19/18 10:07,-120286
4/19/18 10:08,-121786
4/19/18 10:09,-120386
4/19/18 10:10,-117486
4/19/18 10:11,-115776
4/19/18 10:12,-113541
4/19/18 10:13,-118940
4/19/18 10:14,-119940
4/19/18 10:15,-116540
4/19/18 10:16,-111776
4/19/18 10:17,-106996
4/19/18 10:18,-102596
4/19/18 10:19,-96943
4/19/18 10:20,-99507
4/19/18 10:21,-101417
4/19/18 10:22,-102817
4/19/18 10:23,-98107
4/19/18 10:24,-98707
4/19/18 10:25,-95607
4/19/18 10:26,-89710
4/19/18 10:27,-92735
4/19/18 10:28,-90720
4/19/18 10:29,-94195
4/19/18 10:30,-90995
4/19/18 10:31,-94672
4/19/18 10:32,-96084
4/19/18 10:33,-96684
4/19/18 10:34,-95884
4/19/18 10:35,-96724
4/19/18 10:36,-94824
4/19/18 10:37,-96424
4/19/18 10:38,-96724
4/19/18 10:39,-95504
4/19/18 10:40,-91692
4/19/18 10:41,-92992
4/19/18 10:42,-94192
4/19/18 10:43,-93392
4/19/18 10:44,-94192
4/19/18 10:45,-96452
4/19/18 10:46,-95452
4/19/18 10:47,-99252
4/19/18 10:48,-98752
4/19/18 10:49,-100052
4/19/18 10:50,-99652
4/19/18 10:51,-97177
4/19/18 10:52,-97677
4/19/18 10:53,-99577
4/19/18 10:54,-98067
4/19/18 10:55,-98967
4/19/18 10:56,-100967
4/19/18 10:57,-99567
4/19/18 10:58,-98036
4/19/18 10:59,-96602
4/19/18 11:00,-94502
4/19/18 11:01,-96682
4/19/18 11:02,-93118
4/19/18 11:03,-93918
4/19/18 11:04,-95918
4/19/18 11:05,-97335
4/19/18 11:06,-94235
4/19/18 11:07,-93135
4/19/18 11:08,-94185
4/19/18 11:09,-92605
4/19/18 11:10,-95885
4/19/18 11:11,-95385
4/19/18 11:12,-97485
4/19/18 11:13,-98285
4/19/18 11:14,-102501
4/19/18 11:15,-101601
4/19/18 11:16,-103201
4/19/18 11:17,-102201
4/19/18 11:18,-97979
4/19/18 11:19,-99479
4/19/18 11:20,-98579
4/19/18 11:21,-99779
4/19/18 11:22,-100644
4/19/18 11:23,-98846
4/19/18 11:24,-97446
4/19/18 11:25,-90842
4/19/18 11:26,-91542
4/19/18 11:27,-91142
4/19/18 11:28,-92532
4/19/18 11:29,-91494
4/19/18 11:30,-90124
4/19/18 11:31,-90424
4/19/18 11:32,-91772
4/19/18 11:33,-90672
4/19/18 11:34,-91972
4/19/18 11:35,-91272
4/19/18 11:36,-87586
4/19/18 11:37,-88286
4/19/18 11:38,-87686
4/19/18 11:40,-89406
4/19/18 11:41,-89106
4/19/18 11:42,-89806
4/19/18 11:43,-91386
4/19/18 11:44,-87318
4/19/18 11:45,-85253
4/19/18 11:46,-85653
4/19/18 11:47,-85553
4/19/18 11:48,-82053
4/19/18 11:49,-83253
4/19/18 11:50,-82453
4/19/18 11:51,-80991
4/19/18 11:52,-81191
4/19/18 11:53,-82291
4/19/18 11:54,-84791
4/19/18 11:55,-84091
4/19/18 11:56,-82291
4/19/18 11:57,-84720
4/19/18 11:58,-84520
4/19/18 11:59,-84720
4/19/18 12:00,-85220
4/19/18 12:01,-89847
4/19/18 12:02,-95424
4/19/18 12:03,-92724
4/19/18 12:04,-88324
4/19/18 12:05,-86124
4/19/18 12:06,-87174
4/19/18 12:07,-89474
4/19/18 12:08,-88361
4/19/18 12:09,-88061
4/19/18 12:10,-87061
4/19/18 12:11,-87661
4/19/18 12:13,-88361
4/19/18 12:14,-87961
4/19/18 12:15,-87661
4/19/18 12:16,-87161
4/19/18 12:17,-88953
4/19/18 12:18,-88218
4/19/18 12:20,-88018
4/19/18 12:21,-87418
4/19/18 12:22,-86918
4/19/18 12:23,-87418
4/19/18 12:24,-86968
4/19/18 12:25,-89017
4/19/18 12:26,-90417
4/19/18 12:27,-90117
4/19/18 12:28,-90517
4/19/18 12:29,-91517
4/19/18 12:30,-92517
4/19/18 12:31,-89017
4/19/18 12:32,-90317
4/19/18 12:33,-90017
4/19/18 12:34,-90717
4/19/18 12:35,-90817
4/19/18 12:36,-90217
4/19/18 12:37,-91042
4/19/18 12:38,-90742
4/19/18 12:39,-89483
4/19/18 12:40,-88170
4/19/18 12:41,-88764
4/19/18 12:42,-88664
4/19/18 12:43,-88264
4/19/18 12:44,-88864
4/19/18 12:45,-88264
4/19/18 12:46,-87493
4/19/18 12:47,-88793
4/19/18 12:48,-88593
4/19/18 12:49,-88093
4/19/18 12:50,-87593
4/19/18 12:51,-86793
4/19/18 12:52,-85213
4/19/18 12:53,-86113
4/19/18 12:54,-88013
4/19/18 12:55,-87413
4/19/18 12:56,-87713
4/19/18 12:57,-88113
4/19/18 12:58,-87613
4/19/18 12:59,-89337
4/19/18 13:00,-90041
4/19/18 13:01,-88541
4/19/18 13:02,-89129
4/19/18 13:03,-87729
4/19/18 13:04,-91729
4/19/18 13:05,-90329
4/19/18 13:06,-92346
4/19/18 13:07,-91746
4/19/18 13:08,-90046
4/19/18 13:09,-92372
4/19/18 13:10,-90472
4/19/18 13:11,-90972
4/19/18 13:12,-91272
4/19/18 13:13,-89672
4/19/18 13:14,-84623
4/19/18 13:15,-87643
4/19/18 13:16,-88143
4/19/18 13:17,-86743
4/19/18 13:18,-88743
4/19/18 13:19,-87843
4/19/18 13:20,-88243
4/19/18 13:21,-86543
4/19/18 13:22,-87043
4/19/18 13:23,-88143
4/19/18 13:24,-93743
4/19/18 13:25,-94343
4/19/18 13:27,-95843
4/19/18 13:28,-98222
4/19/18 13:29,-93622
4/19/18 13:30,-94147
4/19/18 13:31,-93147
4/19/18 13:32,-92147
4/19/18 13:33,-92247
4/19/18 13:35,-92547
4/19/18 13:36,-93247
4/19/18 13:37,-93147
4/19/18 13:38,-92747
4/19/18 13:39,-92221
4/19/18 13:40,-91721
4/19/18 13:41,-96174
4/19/18 13:42,-95405
4/19/18 13:43,-95305
4/19/18 13:44,-95205
4/19/18 13:45,-92950
4/19/18 13:46,-94450
4/19/18 13:47,-96150
4/19/18 13:48,-94365
4/19/18 13:49,-94990
4/19/18 13:50,-95890
4/19/18 13:51,-95490
4/19/18 13:52,-94390
4/19/18 13:53,-93990
4/19/18 13:54,-94090
4/19/18 13:55,-89390
4/19/18 13:56,-88790
4/19/18 13:57,-89590
4/19/18 13:58,-90290
4/19/18 13:59,-89741
4/19/18 14:00,-91461
4/19/18 14:01,-92561
4/19/18 14:02,-88953
4/19/18 14:03,-89253
4/19/18 14:04,-87553
4/19/18 14:05,-88802
4/19/18 14:06,-87202
4/19/18 14:07,-85200
4/19/18 14:08,-82374
4/19/18 14:09,-83545
4/19/18 14:10,-84390
4/19/18 14:11,-77489
4/19/18 14:12,-78089
4/19/18 14:13,-77789
4/19/18 14:14,-80489
4/19/18 14:15,-81789
4/19/18 14:16,-79557
4/19/18 14:17,-74603
4/19/18 14:18,-75003
4/19/18 14:19,-76238
4/19/18 14:20,-76638
4/19/18 14:21,-78781
4/19/18 14:22,-79481
4/19/18 14:23,-84494
4/19/18 14:24,-89394
4/19/18 14:25,-81468
4/19/18 14:26,-79714
4/19/18 14:27,-77514
4/19/18 14:28,-77734
4/19/18 14:29,-76534
4/19/18 14:30,-76334
4/19/18 14:31,-75334
4/19/18 14:32,-76034
4/19/18 14:33,-75349
4/19/18 14:34,-75449
4/19/18 14:35,-67978
4/19/18 14:36,-70328
4/19/18 14:37,-71228
4/19/18 14:38,-65919
4/19/18 14:39,-68039
4/19/18 14:40,-65219
4/19/18 14:41,-63919
4/19/18 14:42,-62619
4/19/18 14:43,-53433
4/19/18 14:44,-48373
4/19/18 14:45,-47473
4/19/18 14:46,-45155
4/19/18 14:47,-45755
4/19/18 14:48,-45855
4/19/18 14:49,-47156
4/19/18 14:50,-46756
4/19/18 14:51,-48349
4/19/18 14:52,-47649
4/19/18 14:53,-48949
4/19/18 14:54,-51415
4/19/18 14:55,-51215
4/19/18 14:56,-49705
4/19/18 14:57,-48505
4/19/18 14:58,-50209
4/19/18 14:59,-49109
4/19/18 15:00,-48709
4/19/18 15:01,-46448
4/19/18 15:02,-48498
4/19/18 15:03,-49148
4/19/18 15:04,-48438
4/19/18 15:05,-46148
4/19/18 15:06,-42249
4/19/18 15:07,-39958
4/19/18 15:08,-39358
4/19/18 15:09,-37392
4/19/18 15:10,-33277
4/19/18 15:11,-27687
4/19/18 15:12,-19632
4/19/18 15:13,-22608
4/19/18 15:14,-20944
4/19/18 15:15,-21564
4/19/18 15:16,-23364
4/19/18 15:17,-29781
4/19/18 15:18,-31052
4/19/18 15:19,-29931
4/19/18 15:20,-31392
4/19/18 15:21,-33193
4/19/18 15:22,-39882
4/19/18 15:23,-41382
4/19/18 15:24,-42682
4/19/18 15:25,-42082
4/19/18 15:26,-44237
4/19/18 15:27,-43637
4/19/18 15:28,-45037
4/19/18 15:29,-43357
4/19/18 15:30,-44870
4/19/18 15:31,-42170
4/19/18 15:32,-40370
4/19/18 15:33,-40370
4/19/18 15:34,-38990
4/19/18 15:35,-29938
4/19/18 15:36,-18788
4/19/18 15:37,-34340
4/19/18 15:38,-27540
4/19/18 15:39,-21892
4/19/18 15:40,-28836
4/19/18 15:41,-27236
4/19/18 15:42,-34788
4/19/18 15:43,-38288
4/19/18 15:44,-37188
4/19/18 15:45,-28635
4/19/18 15:46,-24135
4/19/18 15:47,-17468
4/19/18 15:48,-26137
4/19/18 15:49,-17787
4/19/18 15:50,-7401
4/19/18 15:51,-15850
4/19/18 15:52,-21531
4/19/18 15:53,-26579
4/19/18 15:54,-31074
4/19/18 15:55,-38002
4/19/18 15:56,-48424
4/19/18 15:57,-40206
4/19/18 15:58,-49537
4/19/18 15:59,-40001
4/19/18 16:00,-162100
4/20/18 9:30,-276787
4/20/18 9:31,-301115
4/20/18 9:32,-310344
4/20/18 9:33,-302228
4/20/18 9:34,-292218
4/20/18 9:35,-300577
4/20/18 9:36,-307096
4/20/18 9:37,-313739
4/20/18 9:38,-308352
4/20/18 9:39,-305380
4/20/18 9:40,-305380
4/20/18 9:41,-300360
4/20/18 9:42,-300360
4/20/18 9:43,-295522
4/20/18 9:44,-299516
4/20/18 9:45,-303391
4/20/18 9:46,-306461
4/20/18 9:47,-307781
4/20/18 9:48,-304931
4/20/18 9:49,-304193
4/20/18 9:50,-302910
4/20/18 9:51,-301315
4/20/18 9:52,-304115
4/20/18 9:53,-308644
4/20/18 9:54,-312103
4/20/18 9:55,-309503
4/20/18 9:56,-314500
4/20/18 9:57,-311700
4/20/18 9:58,-316000
4/20/18 9:59,-312500
4/20/18 10:00,-320896
4/20/18 10:01,-323892
4/20/18 10:02,-321517
4/20/18 10:03,-322750
4/20/18 10:04,-325250
4/20/18 10:05,-328370
4/20/18 10:06,-323870
4/20/18 10:07,-321040
4/20/18 10:08,-316221
4/20/18 10:09,-313731
4/20/18 10:10,-315177
4/20/18 10:11,-314177
4/20/18 10:12,-311477
4/20/18 10:13,-310274
4/20/18 10:14,-306284
4/20/18 10:15,-306584
4/20/18 10:16,-305682
4/20/18 10:17,-309523
4/20/18 10:18,-307611
4/20/18 10:19,-305385
4/20/18 10:20,-303291
4/20/18 10:21,-306816
4/20/18 10:22,-312776
4/20/18 10:23,-312285
4/20/18 10:24,-305249
4/20/18 10:25,-301872
4/20/18 10:26,-300122
4/20/18 10:27,-296172
4/20/18 10:28,-288929
4/20/18 10:29,-293953
4/20/18 10:30,-294553
4/20/18 10:31,-300853
4/20/18 10:32,-296938
4/20/18 10:33,-292638
4/20/18 10:34,-295230
4/20/18 10:35,-292930
4/20/18 10:36,-294430
4/20/18 10:37,-303335
4/20/18 10:38,-298689
4/20/18 10:39,-297050
4/20/18 10:40,-294400
4/20/18 10:41,-295900
4/20/18 10:42,-292000
4/20/18 10:43,-295175
4/20/18 10:44,-292575
4/20/18 10:45,-297700
4/20/18 10:46,-300050
4/20/18 10:47,-308293
4/20/18 10:48,-305078
4/20/18 10:49,-309678
4/20/18 10:50,-314095
4/20/18 10:51,-311495
4/20/18 10:52,-315335
4/20/18 10:53,-317935
4/20/18 10:54,-319135
4/20/18 10:55,-314548
4/20/18 10:56,-313848
4/20/18 10:57,-311001
4/20/18 10:58,-307801
4/20/18 10:59,-308625
4/20/18 11:00,-307054
4/20/18 11:01,-307654
4/20/18 11:02,-308765
4/20/18 11:03,-312411
4/20/18 11:04,-313861
4/20/18 11:05,-311176
4/20/18 11:06,-307568
4/20/18 11:07,-310139
4/20/18 11:08,-306402
4/20/18 11:09,-309280
4/20/18 11:10,-311594
4/20/18 11:11,-315294
4/20/18 11:12,-317947
4/20/18 11:13,-315408
4/20/18 11:14,-316708
4/20/18 11:15,-313720
4/20/18 11:16,-312002
4/20/18 11:17,-311402
4/20/18 11:18,-305230
4/20/18 11:19,-310166
4/20/18 11:20,-303205
4/20/18 11:21,-305605
4/20/18 11:22,-306705
4/20/18 11:23,-304114
4/20/18 11:24,-304814
4/20/18 11:25,-307014
4/20/18 11:26,-305614
4/20/18 11:27,-308754
4/20/18 11:28,-306384
4/20/18 11:29,-308725
4/20/18 11:30,-314689
4/20/18 11:31,-312089
4/20/18 11:32,-310579
4/20/18 11:33,-305933
4/20/18 11:34,-308073
4/20/18 11:35,-309882
4/20/18 11:36,-307818
4/20/18 11:37,-306018
4/20/18 11:38,-303322
4/20/18 11:39,-304396
4/20/18 11:40,-303096
4/20/18 11:41,-304766
4/20/18 11:42,-303866
4/20/18 11:43,-304266
4/20/18 11:44,-303366
4/20/18 11:45,-304266
4/20/18 11:46,-304866
4/20/18 11:47,-305665
4/20/18 11:48,-303408
4/20/18 11:49,-304008
4/20/18 11:50,-305704
4/20/18 11:51,-305804
4/20/18 11:52,-304404
4/20/18 11:53,-303804
4/20/18 11:54,-304204
4/20/18 11:55,-304504
4/20/18 11:56,-305404
4/20/18 11:57,-306204
4/20/18 11:58,-305679
4/20/18 11:59,-306179
4/20/18 12:00,-307765
4/20/18 12:01,-309065
4/20/18 12:02,-310586
4/20/18 12:03,-311186
4/20/18 12:04,-310786
4/20/18 12:05,-312786
4/20/18 12:06,-311986
4/20/18 12:07,-310086
4/20/18 12:08,-310836
4/20/18 12:09,-310231
4/20/18 12:10,-309631
4/20/18 12:11,-310381
4/20/18 12:12,-310989
4/20/18 12:13,-309989
4/20/18 12:14,-310389
4/20/18 12:15,-311089
4/20/18 12:16,-314529
4/20/18 12:17,-312979
4/20/18 12:18,-313819
4/20/18 12:19,-317006
4/20/18 12:20,-318506
4/20/18 12:21,-319948
4/20/18 12:22,-318248
4/20/18 12:23,-317307
4/20/18 12:24,-318058
4/20/18 12:25,-318708
4/20/18 12:26,-317208
4/20/18 12:28,-316458
4/20/18 12:29,-317458
4/20/18 12:31,-318658
4/20/18 12:32,-317071
4/20/18 12:33,-315550
4/20/18 12:34,-309926
4/20/18 12:35,-309726
4/20/18 12:36,-309026
4/20/18 12:37,-311509
4/20/18 12:38,-312109
4/20/18 12:39,-312609
4/20/18 12:40,-313606
4/20/18 12:41,-312906
4/20/18 12:42,-312584
4/20/18 12:43,-313339
4/20/18 12:44,-313239
4/20/18 12:45,-313339
4/20/18 12:46,-312639
4/20/18 12:47,-313671
4/20/18 12:48,-311944
4/20/18 12:49,-312694
4/20/18 12:50,-313695
4/20/18 12:51,-314550
4/20/18 12:52,-314250
4/20/18 12:53,-313850
4/20/18 12:54,-311791
4/20/18 12:55,-313091
4/20/18 12:56,-312291
4/20/18 12:57,-312691
4/20/18 12:58,-313090
4/20/18 12:59,-311790
4/20/18 13:00,-313990
4/20/18 13:01,-315290
4/20/18 13:02,-314840
4/20/18 13:03,-313440
4/20/18 13:04,-312901
4/20/18 13:05,-315201
4/20/18 13:06,-314401
4/20/18 13:07,-313901
4/20/18 13:08,-313369
4/20/18 13:09,-313969
4/20/18 13:10,-313069
4/20/18 13:11,-311365
4/20/18 13:12,-311165
4/20/18 13:13,-311465
4/20/18 13:14,-310054
4/20/18 13:15,-306542
4/20/18 13:16,-306742
4/20/18 13:17,-307042
4/20/18 13:18,-309062
4/20/18 13:20,-309262
4/20/18 13:21,-308962
4/20/18 13:23,-310262
4/20/18 13:24,-310062
4/20/18 13:25,-309862
4/20/18 13:26,-309163
4/20/18 13:27,-309763
4/20/18 13:28,-309563
4/20/18 13:29,-308084
4/20/18 13:30,-307784
4/20/18 13:31,-307184
4/20/18 13:32,-307084
4/20/18 13:33,-307434
4/20/18 13:34,-307734
4/20/18 13:35,-308234
4/20/18 13:37,-308034
4/20/18 13:38,-306634
4/20/18 13:39,-306234
4/20/18 13:40,-304873
4/20/18 13:41,-304156
4/20/18 13:42,-303426
4/20/18 13:43,-303326
4/20/18 13:44,-302886
4/20/18 13:45,-301816
4/20/18 13:46,-303549
4/20/18 13:47,-303663
4/20/18 13:48,-304193
4/20/18 13:49,-303443
4/20/18 13:50,-303743
4/20/18 13:51,-305769
4/20/18 13:52,-305369
4/20/18 13:53,-307169
4/20/18 13:54,-306369
4/20/18 13:55,-306069
4/20/18 13:57,-307371
4/20/18 13:58,-308275
4/20/18 13:59,-308634
4/20/18 14:01,-310357
4/20/18 14:02,-310788
4/20/18 14:03,-309888
4/20/18 14:04,-308634
4/20/18 14:05,-308434
4/20/18 14:06,-310136
4/20/18 14:07,-309836
4/20/18 14:08,-310378
4/20/18 14:09,-312125
4/20/18 14:10,-309713
4/20/18 14:11,-309913
4/20/18 14:12,-310213
4/20/18 14:13,-310713
4/20/18 14:14,-310513
4/20/18 14:15,-310813
4/20/18 14:16,-310613
4/20/18 14:17,-311430
4/20/18 14:18,-312030
4/20/18 14:19,-312830
4/20/18 14:20,-314046
4/20/18 14:21,-314146
4/20/18 14:22,-312846
4/20/18 14:23,-312546
4/20/18 14:24,-311646
4/20/18 14:25,-311446
4/20/18 14:26,-312246
4/20/18 14:27,-311469
4/20/18 14:28,-312169
4/20/18 14:29,-311834
4/20/18 14:30,-310891
4/20/18 14:31,-311292
4/20/18 14:32,-315784
4/20/18 14:33,-317384
4/20/18 14:34,-318417
4/20/18 14:35,-319217
4/20/18 14:36,-320917
4/20/18 14:37,-321317
4/20/18 14:38,-320817
4/20/18 14:39,-323319
4/20/18 14:40,-322519
4/20/18 14:41,-321719
4/20/18 14:42,-327131
4/20/18 14:43,-326231
4/20/18 14:44,-327431
4/20/18 14:45,-327931
4/20/18 14:46,-328395
4/20/18 14:47,-332006
4/20/18 14:48,-329808
4/20/18 14:49,-330408
4/20/18 14:50,-328468
4/20/18 14:51,-329468
4/20/18 14:52,-327868
4/20/18 14:53,-332522
4/20/18 14:54,-331422
4/20/18 14:55,-332222
4/20/18 14:56,-331522
4/20/18 14:57,-330300
4/20/18 14:58,-326700
4/20/18 14:59,-327700
4/20/18 15:00,-329600
4/20/18 15:01,-331500
4/20/18 15:02,-331000
4/20/18 15:03,-331700
4/20/18 15:04,-331375
4/20/18 15:05,-332404
4/20/18 15:06,-339384
4/20/18 15:07,-340899
4/20/18 15:08,-343362
4/20/18 15:09,-342662
4/20/18 15:10,-350547
4/20/18 15:11,-349243
4/20/18 15:12,-347969
4/20/18 15:13,-347136
4/20/18 15:14,-344885
4/20/18 15:15,-342815
4/20/18 15:16,-344307
4/20/18 15:17,-347611
4/20/18 15:18,-346179
4/20/18 15:19,-344873
4/20/18 15:20,-345473
4/20/18 15:21,-343673
4/20/18 15:22,-345138
4/20/18 15:23,-345443
4/20/18 15:24,-344260
4/20/18 15:25,-346993
4/20/18 15:26,-345493
4/20/18 15:27,-347293
4/20/18 15:28,-348778
4/20/18 15:29,-350518
4/20/18 15:30,-351318
4/20/18 15:31,-350418
4/20/18 15:32,-349418
4/20/18 15:33,-349918
4/20/18 15:34,-351218
4/20/18 15:35,-350615
4/20/18 15:36,-354015
4/20/18 15:37,-350662
4/20/18 15:38,-346534
4/20/18 15:39,-344530
4/20/18 15:40,-349347
4/20/18 15:41,-348147
4/20/18 15:42,-347247
4/20/18 15:43,-349497
4/20/18 15:44,-353585
4/20/18 15:45,-358765
4/20/18 15:46,-372993
4/20/18 15:47,-378431
4/20/18 15:48,-380547
4/20/18 15:49,-377136
4/20/18 15:50,-369320
4/20/18 15:51,-374020
4/20/18 15:52,-379992
4/20/18 15:53,-375044
4/20/18 15:54,-362115
4/20/18 15:55,-354347
4/20/18 15:56,-345363
4/20/18 15:57,-350748
4/20/18 15:58,-361593
4/20/18 15:59,-370466
4/20/18 16:00,-201698
4/23/18 9:30,-181914
4/23/18 9:31,-193951
4/23/18 9:32,-201274
4/23/18 9:33,-193687
4/23/18 9:34,-200897
4/23/18 9:35,-204725
4/23/18 9:36,-211375
4/23/18 9:37,-206806
4/23/18 9:38,-212481
4/23/18 9:39,-221128
4/23/18 9:40,-227552
4/23/18 9:41,-223547
4/23/18 9:42,-228585
4/23/18 9:43,-237060
4/23/18 9:44,-240743
4/23/18 9:45,-231723
4/23/18 9:46,-236678
4/23/18 9:47,-230628
4/23/18 9:48,-233787
4/23/18 9:49,-236037
4/23/18 9:50,-235128
4/23/18 9:51,-237448
4/23/18 9:52,-234648
4/23/18 9:53,-236754
4/23/18 9:54,-240321
4/23/18 9:55,-235488
4/23/18 9:56,-230008
4/23/18 9:57,-236381
4/23/18 9:58,-246441
4/23/18 9:59,-254341
4/23/18 10:00,-237847
4/23/18 10:01,-239646
4/23/18 10:02,-241812
4/23/18 10:03,-238119
4/23/18 10:04,-242700
4/23/18 10:05,-241307
4/23/18 10:06,-248037
4/23/18 10:07,-246337
4/23/18 10:08,-248537
4/23/18 10:09,-246359
4/23/18 10:10,-247559
4/23/18 10:11,-244400
4/23/18 10:12,-246031
4/23/18 10:13,-247731
4/23/18 10:14,-248631
4/23/18 10:15,-250918
4/23/18 10:16,-249518
4/23/18 10:17,-250939
4/23/18 10:18,-252193
4/23/18 10:19,-251358
4/23/18 10:20,-252158
4/23/18 10:21,-250453
4/23/18 10:22,-247443
4/23/18 10:23,-246193
4/23/18 10:24,-248468
4/23/18 10:25,-246281
4/23/18 10:26,-245481
4/23/18 10:27,-243709
4/23/18 10:28,-246039
4/23/18 10:29,-246139
4/23/18 10:30,-244648
4/23/18 10:31,-243148
4/23/18 10:32,-244948
4/23/18 10:33,-246428
4/23/18 10:34,-245738
4/23/18 10:35,-244488
4/23/18 10:36,-248026
4/23/18 10:37,-249806
4/23/18 10:38,-249106
4/23/18 10:39,-248056
4/23/18 10:40,-247256
4/23/18 10:41,-247856
4/23/18 10:42,-253685
4/23/18 10:43,-253485
4/23/18 10:44,-255790
4/23/18 10:45,-253585
4/23/18 10:46,-251118
4/23/18 10:47,-249241
4/23/18 10:48,-244727
4/23/18 10:49,-243407
4/23/18 10:50,-244407
4/23/18 10:51,-243607
4/23/18 10:52,-242157
4/23/18 10:53,-240839
4/23/18 10:54,-238480
4/23/18 10:55,-239680
4/23/18 10:56,-238776
4/23/18 10:57,-237326
4/23/18 10:58,-241057
4/23/18 10:59,-242786
4/23/18 11:00,-240486
4/23/18 11:01,-241286
4/23/18 11:02,-238903
4/23/18 11:03,-240203
4/23/18 11:04,-239501
4/23/18 11:05,-239001
4/23/18 11:06,-238481
4/23/18 11:07,-240495
4/23/18 11:08,-242045
4/23/18 11:09,-240905
4/23/18 11:10,-238391
4/23/18 11:11,-237691
4/23/18 11:12,-234804
4/23/18 11:13,-231812
4/23/18 11:14,-228511
4/23/18 11:15,-230522
4/23/18 11:16,-233129
4/23/18 11:17,-235900
4/23/18 11:18,-239050
4/23/18 11:19,-240975
4/23/18 11:20,-237565
4/23/18 11:21,-237365
4/23/18 11:22,-238892
4/23/18 11:23,-236899
4/23/18 11:24,-235599
4/23/18 11:25,-234299
4/23/18 11:26,-235576
4/23/18 11:27,-235016
4/23/18 11:28,-237216
4/23/18 11:29,-241134
4/23/18 11:30,-243534
4/23/18 11:31,-244214
4/23/18 11:32,-245914
4/23/18 11:33,-246779
4/23/18 11:34,-245979
4/23/18 11:35,-247699
4/23/18 11:36,-252722
4/23/18 11:37,-253822
4/23/18 11:38,-254822
4/23/18 11:39,-252682
4/23/18 11:40,-252140
4/23/18 11:41,-249927
4/23/18 11:42,-249387
4/23/18 11:43,-247987
4/23/18 11:44,-248887
4/23/18 11:45,-248180
4/23/18 11:46,-249430
4/23/18 11:47,-249930
4/23/18 11:48,-249630
4/23/18 11:49,-250130
4/23/18 11:50,-251033
4/23/18 11:51,-252033
4/23/18 11:52,-251633
4/23/18 11:53,-250577
4/23/18 11:54,-251677
4/23/18 11:55,-252177
4/23/18 11:56,-250677
4/23/18 11:57,-249677
4/23/18 11:58,-250285
4/23/18 11:59,-252843
4/23/18 12:00,-251440
4/23/18 12:01,-250398
4/23/18 12:02,-249398
4/23/18 12:03,-250248
4/23/18 12:04,-251219
4/23/18 12:05,-252119
4/23/18 12:06,-251819
4/23/18 12:07,-252319
4/23/18 12:08,-252819
4/23/18 12:09,-253219
4/23/18 12:10,-253119
4/23/18 12:11,-251876
4/23/18 12:12,-250104
4/23/18 12:13,-250904
4/23/18 12:14,-251804
4/23/18 12:15,-251404
4/23/18 12:16,-252457
4/23/18 12:17,-252957
4/23/18 12:18,-252557
4/23/18 12:19,-252957
4/23/18 12:20,-256131
4/23/18 12:21,-257578
4/23/18 12:22,-255554
4/23/18 12:23,-250554
4/23/18 12:24,-251208
4/23/18 12:25,-251608
4/23/18 12:26,-252508
4/23/18 12:27,-252008
4/23/18 12:28,-250596
4/23/18 12:29,-250796
4/23/18 12:30,-245948
4/23/18 12:31,-244448
4/23/18 12:32,-243248
4/23/18 12:33,-242648
4/23/18 12:34,-242848
4/23/18 12:35,-241053
4/23/18 12:36,-241753
4/23/18 12:37,-239818
4/23/18 12:38,-240118
4/23/18 12:40,-236440
4/23/18 12:41,-236860
4/23/18 12:42,-236060
4/23/18 12:43,-236663
4/23/18 12:44,-235963
4/23/18 12:45,-237454
4/23/18 12:46,-236954
4/23/18 12:47,-238554
4/23/18 12:48,-233554
4/23/18 12:49,-234940
4/23/18 12:50,-232590
4/23/18 12:51,-231476
4/23/18 12:52,-232334
4/23/18 12:53,-233234
4/23/18 12:54,-233884
4/23/18 12:55,-230682
4/23/18 12:56,-232997
4/23/18 12:57,-233516
4/23/18 12:58,-235513
4/23/18 12:59,-235198
4/23/18 13:00,-235298
4/23/18 13:01,-233598
4/23/18 13:02,-232958
4/23/18 13:03,-231058
4/23/18 13:04,-230458
4/23/18 13:05,-230858
4/23/18 13:06,-230058
4/23/18 13:07,-228858
4/23/18 13:08,-225858
4/23/18 13:09,-222558
4/23/18 13:10,-224558
4/23/18 13:11,-223558
4/23/18 13:12,-221062
4/23/18 13:13,-221362
4/23/18 13:14,-222362
4/23/18 13:15,-221862
4/23/18 13:16,-222262
4/23/18 13:17,-223762
4/23/18 13:18,-225536
4/23/18 13:19,-224887
4/23/18 13:20,-224487
4/23/18 13:21,-226787
4/23/18 13:22,-226387
4/23/18 13:23,-227336
4/23/18 13:24,-226836
4/23/18 13:25,-228536
4/23/18 13:26,-227792
4/23/18 13:27,-227292
4/23/18 13:28,-228332
4/23/18 13:29,-227332
4/23/18 13:30,-223609
4/23/18 13:31,-216948
4/23/18 13:32,-219434
4/23/18 13:33,-217839
4/23/18 13:34,-219839
4/23/18 13:35,-222439
4/23/18 13:36,-220839
4/23/18 13:37,-219654
4/23/18 13:38,-220758
4/23/18 13:39,-220558
4/23/18 13:40,-222931
4/23/18 13:41,-224831
4/23/18 13:42,-227077
4/23/18 13:43,-225177
4/23/18 13:44,-228087
4/23/18 13:45,-229397
4/23/18 13:46,-228997
4/23/18 13:47,-229697
4/23/18 13:48,-229045
4/23/18 13:49,-227711
4/23/18 13:50,-225770
4/23/18 13:51,-224070
4/23/18 13:52,-223070
4/23/18 13:53,-223470
4/23/18 13:54,-222070
4/23/18 13:55,-222601
4/23/18 13:56,-221724
4/23/18 13:57,-223765
4/23/18 13:58,-225465
4/23/18 13:59,-228024
4/23/18 14:00,-228624
4/23/18 14:01,-232701
4/23/18 14:02,-233407
4/23/18 14:03,-234327
4/23/18 14:04,-236495
4/23/18 14:05,-239970
4/23/18 14:06,-243008
4/23/18 14:07,-246858
4/23/18 14:08,-248742
4/23/18 14:09,-254015
4/23/18 14:10,-258637
4/23/18 14:11,-255787
4/23/18 14:12,-253232
4/23/18 14:13,-255832
4/23/18 14:14,-261192
4/23/18 14:15,-265277
4/23/18 14:16,-263977
4/23/18 14:17,-267367
4/23/18 14:18,-265504
4/23/18 14:19,-264604
4/23/18 14:20,-266854
4/23/18 14:21,-272254
4/23/18 14:22,-270354
4/23/18 14:23,-273921
4/23/18 14:24,-273121
4/23/18 14:25,-275521
4/23/18 14:26,-272992
4/23/18 14:27,-273792
4/23/18 14:28,-279381
4/23/18 14:29,-282161
4/23/18 14:30,-281061
4/23/18 14:31,-279516
4/23/18 14:32,-282202
4/23/18 14:33,-280541
4/23/18 14:34,-284346
4/23/18 14:35,-287741
4/23/18 14:36,-287041
4/23/18 14:37,-290078
4/23/18 14:38,-289278
4/23/18 14:39,-285879
4/23/18 14:40,-280679
4/23/18 14:41,-277055
4/23/18 14:42,-273404
4/23/18 14:43,-270071
4/23/18 14:44,-269871
4/23/18 14:45,-266371
4/23/18 14:46,-259571
4/23/18 14:47,-265057
4/23/18 14:48,-267710
4/23/18 14:49,-272330
4/23/18 14:50,-271380
4/23/18 14:51,-275880
4/23/18 14:52,-277772
4/23/18 14:53,-280597
4/23/18 14:54,-285647
4/23/18 14:55,-291747
4/23/18 14:56,-302180
4/23/18 14:57,-308406
4/23/18 14:58,-306206
4/23/18 14:59,-300182
4/23/18 15:00,-297203
4/23/18 15:01,-297203
4/23/18 15:02,-292833
4/23/18 15:03,-297420
4/23/18 15:04,-292394
4/23/18 15:05,-287851
4/23/18 15:06,-286267
4/23/18 15:07,-281210
4/23/18 15:08,-273214
4/23/18 15:09,-276639
4/23/18 15:10,-277839
4/23/18 15:11,-279039
4/23/18 15:12,-279439
4/23/18 15:13,-278894
4/23/18 15:14,-276010
4/23/18 15:15,-277390
4/23/18 15:16,-274990
4/23/18 15:17,-275887
4/23/18 15:18,-277537
4/23/18 15:19,-289771
4/23/18 15:20,-287221
4/23/18 15:21,-282887
4/23/18 15:22,-283787
4/23/18 15:23,-285785
4/23/18 15:24,-283160
4/23/18 15:25,-284260
4/23/18 15:26,-283560
4/23/18 15:27,-282006
4/23/18 15:28,-284328
4/23/18 15:29,-282128
4/23/18 15:30,-279820
4/23/18 15:31,-283240
4/23/18 15:32,-279812
4/23/18 15:33,-275837
4/23/18 15:34,-273268
4/23/18 15:35,-271768
4/23/18 15:36,-274833
4/23/18 15:37,-271923
4/23/18 15:38,-276807
4/23/18 15:39,-279007
4/23/18 15:40,-274028
4/23/18 15:41,-268390
4/23/18 15:42,-272390
4/23/18 15:43,-269488
4/23/18 15:44,-274588
4/23/18 15:45,-272072
4/23/18 15:46,-266372
4/23/18 15:47,-271050
4/23/18 15:48,-275009
4/23/18 15:49,-279023
4/23/18 15:50,-272767
4/23/18 15:51,-278152
4/23/18 15:52,-283494
4/23/18 15:53,-279344
4/23/18 15:54,-285507
4/23/18 15:55,-289524
4/23/18 15:56,-283969
4/23/18 15:57,-271461
4/23/18 15:58,-258918
4/23/18 15:59,-241264
4/23/18 16:00,-378964
4/24/18 9:30,-429759
4/24/18 9:31,-448430
4/24/18 9:32,-486109
4/24/18 9:33,-453246
4/24/18 9:34,-483337
4/24/18 9:35,-467680
4/24/18 9:36,-487505
4/24/18 9:37,-455132
4/24/18 9:38,-437956
4/24/18 9:39,-447947
4/24/18 9:40,-469501
4/24/18 9:41,-488107
4/24/18 9:42,-508776
4/24/18 9:43,-495134
4/24/18 9:44,-507964
4/24/18 9:45,-489233
4/24/18 9:46,-473007
4/24/18 9:47,-457500
4/24/18 9:48,-439060
4/24/18 9:49,-452219
4/24/18 9:50,-461468
4/24/18 9:51,-474590
4/24/18 9:52,-491168
4/24/18 9:53,-473330
4/24/18 9:54,-481538
4/24/18 9:55,-500563
4/24/18 9:56,-487956
4/24/18 9:57,-472260
4/24/18 9:58,-484422
4/24/18 9:59,-476712
4/24/18 10:00,-463809
4/24/18 10:01,-468309
4/24/18 10:02,-484100
4/24/18 10:03,-473152
4/24/18 10:04,-479167
4/24/18 10:05,-471544
4/24/18 10:06,-493588
4/24/18 10:07,-486242
4/24/18 10:08,-497136
4/24/18 10:09,-485487
4/24/18 10:10,-498239
4/24/18 10:11,-504686
4/24/18 10:12,-515714
4/24/18 10:13,-545834
4/24/18 10:14,-554529
4/24/18 10:15,-569481
4/24/18 10:16,-578041
4/24/18 10:17,-593511
4/24/18 10:18,-617088
4/24/18 10:19,-608741
4/24/18 10:20,-615376
4/24/18 10:21,-606449
4/24/18 10:22,-620199
4/24/18 10:23,-605815
4/24/18 10:24,-595470
4/24/18 10:25,-581192
4/24/18 10:26,-572855
4/24/18 10:27,-562740
4/24/18 10:28,-548158
4/24/18 10:29,-561499
4/24/18 10:30,-565859
4/24/18 10:31,-570459
4/24/18 10:32,-578522
4/24/18 10:33,-573546
4/24/18 10:34,-580338
4/24/18 10:35,-574267
4/24/18 10:36,-565212
4/24/18 10:37,-557864
4/24/18 10:38,-561562
4/24/18 10:39,-566536
4/24/18 10:40,-574050
4/24/18 10:41,-559780
4/24/18 10:42,-547807
4/24/18 10:43,-544389
4/24/18 10:44,-553291
4/24/18 10:45,-561918
4/24/18 10:46,-577031
4/24/18 10:47,-569951
4/24/18 10:48,-573499
4/24/18 10:49,-576631
4/24/18 10:50,-572181
4/24/18 10:51,-568981
4/24/18 10:52,-561686
4/24/18 10:53,-571191
4/24/18 10:54,-559585
4/24/18 10:55,-562384
4/24/18 10:56,-568384
4/24/18 10:57,-564584
4/24/18 10:58,-569514
4/24/18 10:59,-575270
4/24/18 11:00,-581278
4/24/18 11:01,-576714
4/24/18 11:02,-588689
4/24/18 11:03,-596887
4/24/18 11:04,-586375
4/24/18 11:05,-596144
4/24/18 11:06,-611988
4/24/18 11:07,-622294
4/24/18 11:08,-616061
4/24/18 11:09,-608114
4/24/18 11:10,-612284
4/24/18 11:11,-616384
4/24/18 11:12,-628826
4/24/18 11:13,-623187
4/24/18 11:14,-630754
4/24/18 11:15,-619043
4/24/18 11:16,-604758
4/24/18 11:17,-610463
4/24/18 11:18,-605963
4/24/18 11:19,-598916
4/24/18 11:20,-591622
4/24/18 11:21,-582838
4/24/18 11:22,-573248
4/24/18 11:23,-564674
4/24/18 11:24,-558200
4/24/18 11:25,-563424
4/24/18 11:26,-566025
4/24/18 11:27,-559154
4/24/18 11:28,-552280
4/24/18 11:29,-537094
4/24/18 11:30,-530244
4/24/18 11:31,-541593
4/24/18 11:32,-532422
4/24/18 11:33,-540935
4/24/18 11:34,-527238
4/24/18 11:35,-532203
4/24/18 11:36,-520302
4/24/18 11:37,-510603
4/24/18 11:38,-517887
4/24/18 11:39,-513377
4/24/18 11:40,-503706
4/24/18 11:41,-495438
4/24/18 11:42,-504461
4/24/18 11:43,-502025
4/24/18 11:44,-496600
4/24/18 11:45,-490682
4/24/18 11:46,-484909
4/24/18 11:47,-489263
4/24/18 11:48,-495997
4/24/18 11:49,-483801
4/24/18 11:50,-488491
4/24/18 11:51,-486837
4/24/18 11:52,-495400
4/24/18 11:53,-502401
4/24/18 11:54,-489855
4/24/18 11:55,-495745
4/24/18 11:56,-492764
4/24/18 11:57,-490009
4/24/18 11:58,-493739
4/24/18 11:59,-496500
4/24/18 12:00,-503383
4/24/18 12:01,-499479
4/24/18 12:02,-494783
4/24/18 12:03,-496623
4/24/18 12:04,-494823
4/24/18 12:05,-490429
4/24/18 12:06,-487686
4/24/18 12:07,-489886
4/24/18 12:08,-494516
4/24/18 12:09,-485726
4/24/18 12:10,-490533
4/24/18 12:11,-498223
4/24/18 12:12,-495403
4/24/18 12:13,-497923
4/24/18 12:14,-501746
4/24/18 12:15,-503786
4/24/18 12:16,-509466
4/24/18 12:17,-514016
4/24/18 12:18,-518874
4/24/18 12:19,-522210
4/24/18 12:20,-531473
4/24/18 12:21,-535196
4/24/18 12:22,-530168
4/24/18 12:23,-537545
4/24/18 12:24,-544037
4/24/18 12:25,-539577
4/24/18 12:26,-542172
4/24/18 12:27,-544101
4/24/18 12:28,-556997
4/24/18 12:29,-562120
4/24/18 12:30,-566940
4/24/18 12:31,-573540
4/24/18 12:32,-578417
4/24/18 12:33,-578417
4/24/18 12:34,-584017
4/24/18 12:35,-604664
4/24/18 12:36,-591455
4/24/18 12:37,-587955
4/24/18 12:38,-582155
4/24/18 12:39,-573617
4/24/18 12:40,-566238
4/24/18 12:41,-572514
4/24/18 12:42,-566796
4/24/18 12:43,-559459
4/24/18 12:44,-571169
4/24/18 12:45,-568836
4/24/18 12:46,-566336
4/24/18 12:47,-568935
4/24/18 12:48,-566035
4/24/18 12:49,-562864
4/24/18 12:50,-561426
4/24/18 12:51,-554605
4/24/18 12:52,-556048
4/24/18 12:53,-563247
4/24/18 12:54,-572277
4/24/18 12:55,-566343
4/24/18 12:56,-559718
4/24/18 12:57,-569671
4/24/18 12:58,-572751
4/24/18 12:59,-569601
4/24/18 13:00,-577600
4/24/18 13:01,-575162
4/24/18 13:02,-581547
4/24/18 13:03,-585295
4/24/18 13:04,-580595
4/24/18 13:05,-575775
4/24/18 13:06,-579947
4/24/18 13:07,-584910
4/24/18 13:08,-582710
4/24/18 13:09,-571891
4/24/18 13:10,-566780
4/24/18 13:11,-570580
4/24/18 13:12,-570680
4/24/18 13:13,-576921
4/24/18 13:14,-579698
4/24/18 13:15,-576498
4/24/18 13:16,-565613
4/24/18 13:17,-574153
4/24/18 13:18,-579633
4/24/18 13:19,-583062
4/24/18 13:20,-591325
4/24/18 13:21,-596024
4/24/18 13:22,-590764
4/24/18 13:23,-587264
4/24/18 13:24,-583614
4/24/18 13:25,-585047
4/24/18 13:26,-581367
4/24/18 13:27,-579572
4/24/18 13:28,-581872
4/24/18 13:29,-577146
4/24/18 13:30,-572216
4/24/18 13:31,-579315
4/24/18 13:32,-576295
4/24/18 13:33,-571831
4/24/18 13:34,-576031
4/24/18 13:35,-577931
4/24/18 13:36,-577931
4/24/18 13:37,-581031
4/24/18 13:38,-578786
4/24/18 13:39,-573937
4/24/18 13:40,-575037
4/24/18 13:41,-572977
4/24/18 13:42,-575989
4/24/18 13:43,-571980
4/24/18 13:44,-568280
4/24/18 13:45,-579983
4/24/18 13:46,-574183
4/24/18 13:47,-582733
4/24/18 13:48,-575264
4/24/18 13:49,-581019
4/24/18 13:50,-581919
4/24/18 13:51,-584944
4/24/18 13:52,-588046
4/24/18 13:53,-595056
4/24/18 13:54,-592016
4/24/18 13:55,-589859
4/24/18 13:56,-591769
4/24/18 13:57,-593510
4/24/18 13:58,-591838
4/24/18 13:59,-593038
4/24/18 14:00,-586450
4/24/18 14:01,-588918
4/24/18 14:02,-591239
4/24/18 14:03,-594839
4/24/18 14:04,-605929
4/24/18 14:05,-608634
4/24/18 14:06,-614576
4/24/18 14:07,-611777
4/24/18 14:08,-621707
4/24/18 14:09,-618807
4/24/18 14:10,-627107
4/24/18 14:11,-617571
4/24/18 14:12,-621739
4/24/18 14:13,-624271
4/24/18 14:14,-622171
4/24/18 14:15,-627253
4/24/18 14:16,-631650
4/24/18 14:17,-636261
4/24/18 14:18,-633581
4/24/18 14:19,-631081
4/24/18 14:20,-629411
4/24/18 14:21,-625468
4/24/18 14:22,-620945
4/24/18 14:23,-615955
4/24/18 14:24,-611749
4/24/18 14:25,-608429
4/24/18 14:26,-613001
4/24/18 14:27,-610551
4/24/18 14:28,-614381
4/24/18 14:29,-612481
4/24/18 14:30,-616524
4/24/18 14:31,-618792
4/24/18 14:32,-616392
4/24/18 14:33,-620092
4/24/18 14:34,-618292
4/24/18 14:35,-621112
4/24/18 14:36,-618622
4/24/18 14:37,-616532
4/24/18 14:38,-618132
4/24/18 14:39,-625022
4/24/18 14:40,-628411
4/24/18 14:41,-623924
4/24/18 14:42,-623924
4/24/18 14:43,-621584
4/24/18 14:44,-612678
4/24/18 14:45,-608278
4/24/18 14:46,-606597
4/24/18 14:47,-607723
4/24/18 14:48,-606184
4/24/18 14:49,-611734
4/24/18 14:50,-606884
4/24/18 14:51,-603284
4/24/18 14:52,-601484
4/24/18 14:53,-605384
4/24/18 14:54,-610384
4/24/18 14:55,-613486
4/24/18 14:56,-611286
4/24/18 14:57,-606212
4/24/18 14:58,-600783
4/24/18 14:59,-591549
4/24/18 15:00,-595345
4/24/18 15:01,-594145
4/24/18 15:02,-599677
4/24/18 15:03,-598277
4/24/18 15:04,-596377
4/24/18 15:05,-594462
4/24/18 15:06,-594462
4/24/18 15:07,-589683
4/24/18 15:08,-591616
4/24/18 15:09,-585601
4/24/18 15:10,-588601
4/24/18 15:11,-593555
4/24/18 15:12,-598730
4/24/18 15:13,-595830
4/24/18 15:14,-593980
4/24/18 15:15,-590206
4/24/18 15:16,-584271
4/24/18 15:17,-588610
4/24/18 15:18,-592395
4/24/18 15:19,-589395
4/24/18 15:20,-597328
4/24/18 15:21,-604324
4/24/18 15:22,-599324
4/24/18 15:23,-603524
4/24/18 15:24,-608224
4/24/18 15:25,-612255
4/24/18 15:26,-604355
4/24/18 15:27,-607227
4/24/18 15:28,-612405
4/24/18 15:29,-620605
4/24/18 15:30,-625928
4/24/18 15:31,-632636
4/24/18 15:32,-639197
4/24/18 15:33,-634213
4/24/18 15:34,-636913
4/24/18 15:35,-642072
4/24/18 15:36,-648578
4/24/18 15:37,-655278
4/24/18 15:38,-653478
4/24/18 15:39,-661360
4/24/18 15:40,-661360
4/24/18 15:41,-654489
4/24/18 15:42,-647747
4/24/18 15:43,-655189
4/24/18 15:44,-648209
4/24/18 15:45,-657051
4/24/18 15:46,-651842
4/24/18 15:47,-647009
4/24/18 15:48,-639945
4/24/18 15:49,-631294
4/24/18 15:50,-622925
4/24/18 15:51,-611164
4/24/18 15:52,-600102
4/24/18 15:53,-589589
4/24/18 15:54,-577323
4/24/18 15:55,-573049
4/24/18 15:56,-583692
4/24/18 15:57,-598133
4/24/18 15:58,-588218
4/24/18 15:59,-596312
4/24/18 16:00,-458056
4/25/18 9:30,-427541
4/25/18 9:31,-411459
4/25/18 9:32,-416609
4/25/18 9:33,-426695
4/25/18 9:34,-420143
4/25/18 9:35,-430193
4/25/18 9:36,-442152
4/25/18 9:37,-455960
4/25/18 9:38,-467883
4/25/18 9:39,-461663
4/25/18 9:40,-454652
4/25/18 9:41,-463598
4/25/18 9:42,-468462
4/25/18 9:43,-475332
4/25/18 9:44,-459823
4/25/18 9:45,-464898
4/25/18 9:46,-469415
4/25/18 9:47,-466347
4/25/18 9:48,-460527
4/25/18 9:49,-456594
4/25/18 9:50,-440483
4/25/18 9:51,-442083
4/25/18 9:52,-438233
4/25/18 9:53,-442433
4/25/18 9:54,-445979
4/25/18 9:55,-444724
4/25/18 9:56,-448935
4/25/18 9:57,-443912
4/25/18 9:58,-440437
4/25/18 9:59,-445583
4/25/18 10:00,-441767
4/25/18 10:01,-437011
4/25/18 10:02,-433558
4/25/18 10:03,-439836
4/25/18 10:04,-436054
4/25/18 10:05,-434054
4/25/18 10:06,-427365
4/25/18 10:07,-429912
4/25/18 10:08,-428201
4/25/18 10:09,-413045
4/25/18 10:10,-415767
4/25/18 10:11,-411613
4/25/18 10:12,-413813
4/25/18 10:13,-411613
4/25/18 10:14,-412723
4/25/18 10:15,-415683
4/25/18 10:16,-413089
4/25/18 10:17,-403959
4/25/18 10:18,-401659
4/25/18 10:19,-403927
4/25/18 10:20,-407117
4/25/18 10:21,-412508
4/25/18 10:22,-410498
4/25/18 10:23,-407102
4/25/18 10:24,-408273
4/25/18 10:25,-401846
4/25/18 10:26,-400546
4/25/18 10:27,-404861
4/25/18 10:28,-405461
4/25/18 10:29,-404311
4/25/18 10:30,-405261
4/25/18 10:31,-402442
4/25/18 10:32,-403442
4/25/18 10:33,-401242
4/25/18 10:34,-397822
4/25/18 10:35,-399322
4/25/18 10:36,-400722
4/25/18 10:37,-400129
4/25/18 10:38,-396740
4/25/18 10:39,-407559
4/25/18 10:40,-399041
4/25/18 10:41,-396146
4/25/18 10:42,-398372
4/25/18 10:43,-397147
4/25/18 10:44,-396334
4/25/18 10:45,-391020
4/25/18 10:46,-387474
4/25/18 10:47,-390201
4/25/18 10:48,-391905
4/25/18 10:49,-395605
4/25/18 10:50,-392595
4/25/18 10:51,-394320
4/25/18 10:52,-408242
4/25/18 10:53,-419011
4/25/18 10:54,-416878
4/25/18 10:55,-419528
4/25/18 10:56,-418728
4/25/18 10:57,-420478
4/25/18 10:58,-422278
4/25/18 10:59,-421878
4/25/18 11:00,-419878
4/25/18 11:01,-418378
4/25/18 11:02,-415881
4/25/18 11:03,-408158
4/25/18 11:04,-397356
4/25/18 11:05,-400061
4/25/18 11:06,-393258
4/25/18 11:07,-385542
4/25/18 11:08,-391182
4/25/18 11:09,-387982
4/25/18 11:10,-393280
4/25/18 11:11,-395272
4/25/18 11:12,-392611
4/25/18 11:13,-391611
4/25/18 11:14,-397256
4/25/18 11:15,-404056
4/25/18 11:16,-408935
4/25/18 11:17,-416252
4/25/18 11:18,-413552
4/25/18 11:19,-415117
4/25/18 11:20,-421279
4/25/18 11:21,-419009
4/25/18 11:22,-417809
4/25/18 11:23,-411949
4/25/18 11:24,-409099
4/25/18 11:25,-411749
4/25/18 11:26,-409136
4/25/18 11:27,-407398
4/25/18 11:28,-406709
4/25/18 11:29,-405709
4/25/18 11:30,-404339
4/25/18 11:31,-397637
4/25/18 11:32,-395237
4/25/18 11:33,-397237
4/25/18 11:34,-398117
4/25/18 11:35,-399017
4/25/18 11:36,-397970
4/25/18 11:37,-400664
4/25/18 11:38,-402114
4/25/18 11:39,-404470
4/25/18 11:40,-409538
4/25/18 11:41,-416248
4/25/18 11:42,-417966
4/25/18 11:43,-417309
4/25/18 11:44,-418331
4/25/18 11:45,-417115
4/25/18 11:46,-418315
4/25/18 11:47,-420315
4/25/18 11:48,-419228
4/25/18 11:49,-420154
4/25/18 11:50,-421954
4/25/18 11:51,-418987
4/25/18 11:52,-420076
4/25/18 11:53,-421904
4/25/18 11:54,-420006
4/25/18 11:55,-422352
4/25/18 11:56,-423542
4/25/18 11:57,-420558
4/25/18 11:58,-421358
4/25/18 11:59,-423108
4/25/18 12:00,-427469
4/25/18 12:01,-424560
4/25/18 12:02,-426660
4/25/18 12:03,-430131
4/25/18 12:04,-429308
4/25/18 12:05,-430208
4/25/18 12:06,-434374
4/25/18 12:07,-430794
4/25/18 12:08,-431644
4/25/18 12:09,-430844
4/25/18 12:10,-431544
4/25/18 12:11,-431844
4/25/18 12:12,-430844
4/25/18 12:13,-430144
4/25/18 12:14,-428260
4/25/18 12:15,-424113
4/25/18 12:16,-423313
4/25/18 12:17,-422513
4/25/18 12:18,-424983
4/25/18 12:19,-424983
4/25/18 12:20,-422688
4/25/18 12:21,-421098
4/25/18 12:22,-422698
4/25/18 12:23,-422798
4/25/18 12:24,-423904
4/25/18 12:25,-423404
4/25/18 12:26,-423704
4/25/18 12:27,-423483
4/25/18 12:28,-421983
4/25/18 12:29,-424083
4/25/18 12:30,-423983
4/25/18 12:31,-422321
4/25/18 12:32,-421121
4/25/18 12:33,-418377
4/25/18 12:34,-413371
4/25/18 12:35,-412375
4/25/18 12:36,-408609
4/25/18 12:37,-411459
4/25/18 12:38,-410159
4/25/18 12:39,-410459
4/25/18 12:40,-413697
4/25/18 12:41,-414097
4/25/18 12:42,-414926
4/25/18 12:43,-414226
4/25/18 12:44,-414326
4/25/18 12:45,-413376
4/25/18 12:46,-411401
4/25/18 12:47,-411101
4/25/18 12:48,-411001
4/25/18 12:49,-411801
4/25/18 12:50,-413251
4/25/18 12:51,-412251
4/25/18 12:52,-412751
4/25/18 12:53,-412451
4/25/18 12:54,-412851
4/25/18 12:55,-411451
4/25/18 12:56,-411151
4/25/18 12:57,-411955
4/25/18 12:58,-412255
4/25/18 12:59,-411655
4/25/18 13:00,-410755
4/25/18 13:01,-410405
4/25/18 13:02,-410105
4/25/18 13:03,-407505
4/25/18 13:04,-408305
4/25/18 13:05,-409453
4/25/18 13:06,-408153
4/25/18 13:07,-407948
4/25/18 13:08,-408885
4/25/18 13:09,-409085
4/25/18 13:10,-410368
4/25/18 13:11,-411268
4/25/18 13:12,-412468
4/25/18 13:13,-418068
4/25/18 13:14,-418743
4/25/18 13:15,-419963
4/25/18 13:16,-421413
4/25/18 13:17,-421913
4/25/18 13:18,-426413
4/25/18 13:19,-431813
4/25/18 13:20,-434503
4/25/18 13:21,-431817
4/25/18 13:22,-431317
4/25/18 13:23,-429137
4/25/18 13:24,-430319
4/25/18 13:25,-429254
4/25/18 13:26,-427754
4/25/18 13:27,-426154
4/25/18 13:28,-427659
4/25/18 13:29,-426959
4/25/18 13:30,-426059
4/25/18 13:31,-423360
4/25/18 13:32,-423960
4/25/18 13:33,-423260
4/25/18 13:34,-422778
4/25/18 13:35,-421478
4/25/18 13:36,-423401
4/25/18 13:37,-422536
4/25/18 13:38,-423136
4/25/18 13:39,-422686
4/25/18 13:40,-424016
4/25/18 13:41,-428237
4/25/18 13:42,-429344
4/25/18 13:43,-428544
4/25/18 13:44,-433619
4/25/18 13:45,-435994
4/25/18 13:46,-436794
4/25/18 13:47,-437294
4/25/18 13:48,-437694
4/25/18 13:49,-436994
4/25/18 13:50,-437094
4/25/18 13:51,-436694
4/25/18 13:52,-436094
4/25/18 13:53,-434395
4/25/18 13:54,-433595
4/25/18 13:55,-434295
4/25/18 13:56,-432995
4/25/18 13:57,-433582
4/25/18 13:58,-434507
4/25/18 13:59,-434007
4/25/18 14:00,-433007
4/25/18 14:01,-432343
4/25/18 14:02,-431943
4/25/18 14:03,-432643
4/25/18 14:04,-433243
4/25/18 14:05,-434152
4/25/18 14:06,-433352
4/25/18 14:07,-433252
4/25/18 14:08,-433552
4/25/18 14:09,-434052
4/25/18 14:10,-434952
4/25/18 14:11,-434535
4/25/18 14:12,-433935
4/25/18 14:13,-434730
4/25/18 14:14,-435730
4/25/18 14:15,-435130
4/25/18 14:16,-435030
4/25/18 14:17,-435756
4/25/18 14:18,-435189
4/25/18 14:19,-435975
4/25/18 14:20,-435448
4/25/18 14:21,-436448
4/25/18 14:22,-437008
4/25/18 14:24,-440112
4/25/18 14:25,-440912
4/25/18 14:26,-438403
4/25/18 14:27,-439513
4/25/18 14:28,-440503
4/25/18 14:29,-439689
4/25/18 14:30,-440500
4/25/18 14:31,-441920
4/25/18 14:32,-441239
4/25/18 14:33,-440230
4/25/18 14:34,-437930
4/25/18 14:35,-436604
4/25/18 14:36,-434703
4/25/18 14:37,-434155
4/25/18 14:38,-434827
4/25/18 14:39,-434327
4/25/18 14:40,-433077
4/25/18 14:41,-434027
4/25/18 14:42,-433297
4/25/18 14:43,-433597
4/25/18 14:44,-431302
4/25/18 14:45,-419585
4/25/18 14:46,-418785
4/25/18 14:47,-419685
4/25/18 14:49,-418617
4/25/18 14:50,-421791
4/25/18 14:51,-420596
4/25/18 14:52,-421216
4/25/18 14:53,-421521
4/25/18 14:54,-419917
4/25/18 14:55,-419117
4/25/18 14:56,-416857
4/25/18 14:57,-418078
4/25/18 14:58,-417178
4/25/18 14:59,-417978
4/25/18 15:00,-417078
4/25/18 15:01,-416478
4/25/18 15:02,-416178
4/25/18 15:03,-417566
4/25/18 15:04,-416066
4/25/18 15:05,-417436
4/25/18 15:06,-416336
4/25/18 15:07,-417558
4/25/18 15:08,-420158
4/25/18 15:09,-422058
4/25/18 15:10,-419978
4/25/18 15:11,-418778
4/25/18 15:12,-420418
4/25/18 15:13,-418600
4/25/18 15:14,-419900
4/25/18 15:15,-419440
4/25/18 15:16,-418493
4/25/18 15:17,-419793
4/25/18 15:18,-420393
4/25/18 15:19,-419193
4/25/18 15:20,-420293
4/25/18 15:21,-418885
4/25/18 15:22,-417261
4/25/18 15:23,-417761
4/25/18 15:24,-418908
4/25/18 15:25,-419808
4/25/18 15:26,-420708
4/25/18 15:27,-421808
4/25/18 15:28,-424187
4/25/18 15:29,-425481
4/25/18 15:30,-424581
4/25/18 15:31,-424081
4/25/18 15:32,-420322
4/25/18 15:33,-421862
4/25/18 15:34,-418912
4/25/18 15:35,-418012
4/25/18 15:36,-420412
4/25/18 15:37,-422739
4/25/18 15:38,-423926
4/25/18 15:39,-422138
4/25/18 15:40,-424838
4/25/18 15:41,-423408
4/25/18 15:42,-426508
4/25/18 15:43,-427408
4/25/18 15:44,-429608
4/25/18 15:45,-434098
4/25/18 15:46,-437113
4/25/18 15:47,-432708
4/25/18 15:48,-435008
4/25/18 15:49,-427361
4/25/18 15:50,-432171
4/25/18 15:51,-429514
4/25/18 15:52,-433346
4/25/18 15:53,-438646
4/25/18 15:54,-431086
4/25/18 15:55,-435903
4/25/18 15:56,-427906
4/25/18 15:57,-435906
4/25/18 15:58,-424512
4/25/18 15:59,-414286
4/25/18 16:00,-541894
4/26/18 9:30,-510460
4/26/18 9:31,-518207
4/26/18 9:32,-524688
4/26/18 9:33,-519598
4/26/18 9:34,-523195
4/26/18 9:35,-529473
4/26/18 9:36,-535273
4/26/18 9:37,-547423
4/26/18 9:38,-542834
4/26/18 9:39,-535106
4/26/18 9:40,-522500
4/26/18 9:41,-510991
4/26/18 9:42,-524272
4/26/18 9:43,-533222
4/26/18 9:44,-528890
4/26/18 9:45,-525190
4/26/18 9:46,-523090
4/26/18 9:47,-527080
4/26/18 9:48,-523580
4/26/18 9:49,-527691
4/26/18 9:50,-529741
4/26/18 9:51,-525685
4/26/18 9:52,-523336
4/26/18 9:53,-527357
4/26/18 9:54,-523787
4/26/18 9:55,-520789
4/26/18 9:56,-513314
4/26/18 9:57,-503216
4/26/18 9:58,-516338
4/26/18 9:59,-513262
4/26/18 10:00,-504847
4/26/18 10:01,-511781
4/26/18 10:02,-508401
4/26/18 10:03,-506710
4/26/18 10:04,-502751
4/26/18 10:05,-506691
4/26/18 10:06,-500484
4/26/18 10:07,-498584
4/26/18 10:08,-483409
4/26/18 10:09,-463834
4/26/18 10:10,-449132
4/26/18 10:11,-440402
4/26/18 10:12,-443720
4/26/18 10:13,-446100
4/26/18 10:14,-442375
4/26/18 10:15,-439906
4/26/18 10:16,-442686
4/26/18 10:17,-449779
4/26/18 10:18,-446454
4/26/18 10:19,-452735
4/26/18 10:20,-447235
4/26/18 10:21,-442835
4/26/18 10:22,-445735
4/26/18 10:23,-452367
4/26/18 10:24,-442281
4/26/18 10:25,-440249
4/26/18 10:26,-444663
4/26/18 10:27,-446063
4/26/18 10:28,-444749
4/26/18 10:29,-441862
4/26/18 10:30,-441127
4/26/18 10:31,-441727
4/26/18 10:32,-440400
4/26/18 10:33,-441400
4/26/18 10:34,-439850
4/26/18 10:35,-438832
4/26/18 10:36,-436012
4/26/18 10:37,-436922
4/26/18 10:38,-437322
4/26/18 10:39,-428056
4/26/18 10:40,-426456
4/26/18 10:41,-431756
4/26/18 10:42,-433056
4/26/18 10:43,-434313
4/26/18 10:44,-435724
4/26/18 10:45,-439706
4/26/18 10:46,-435624
4/26/18 10:47,-430752
4/26/18 10:48,-428807
4/26/18 10:49,-430482
4/26/18 10:50,-428359
4/26/18 10:51,-427659
4/26/18 10:52,-426056
4/26/18 10:53,-425504
4/26/18 10:54,-426604
4/26/18 10:55,-423616
4/26/18 10:56,-422631
4/26/18 10:57,-424331
4/26/18 10:58,-424745
4/26/18 10:59,-423945
4/26/18 11:00,-423045
4/26/18 11:01,-423355
4/26/18 11:02,-425255
4/26/18 11:03,-420443
4/26/18 11:04,-416845
4/26/18 11:05,-411825
4/26/18 11:06,-414975
4/26/18 11:07,-411675
4/26/18 11:08,-412866
4/26/18 11:09,-407615
4/26/18 11:10,-409965
4/26/18 11:11,-409530
4/26/18 11:12,-409730
4/26/18 11:13,-408230
4/26/18 11:14,-406334
4/26/18 11:15,-407584
4/26/18 11:16,-409684
4/26/18 11:17,-411998
4/26/18 11:18,-409398
4/26/18 11:19,-408498
4/26/18 11:20,-408398
4/26/18 11:21,-407598
4/26/18 11:22,-410398
4/26/18 11:23,-412198
4/26/18 11:24,-413998
4/26/18 11:25,-414098
4/26/18 11:26,-413598
4/26/18 11:27,-414409
4/26/18 11:28,-415309
4/26/18 11:29,-414709
4/26/18 11:30,-414116
4/26/18 11:31,-415416
4/26/18 11:32,-413855
4/26/18 11:33,-413455
4/26/18 11:34,-414455
4/26/18 11:35,-415355
4/26/18 11:36,-412425
4/26/18 11:37,-411325
4/26/18 11:38,-411925
4/26/18 11:39,-411215
4/26/18 11:40,-412295
4/26/18 11:41,-414925
4/26/18 11:42,-416165
4/26/18 11:43,-419469
4/26/18 11:44,-419469
4/26/18 11:45,-418619
4/26/18 11:46,-415669
4/26/18 11:47,-415769
4/26/18 11:48,-418022
4/26/18 11:49,-416022
4/26/18 11:50,-416222
4/26/18 11:51,-415166
4/26/18 11:52,-412766
4/26/18 11:53,-406656
4/26/18 11:54,-407873
4/26/18 11:55,-404273
4/26/18 11:56,-405406
4/26/18 11:57,-404406
4/26/18 11:58,-403906
4/26/18 11:59,-404356
4/26/18 12:00,-402340
4/26/18 12:01,-401440
4/26/18 12:02,-402146
4/26/18 12:03,-401146
4/26/18 12:04,-400746
4/26/18 12:05,-399436
4/26/18 12:06,-398638
4/26/18 12:07,-396542
4/26/18 12:08,-396542
4/26/18 12:09,-396022
4/26/18 12:10,-394015
4/26/18 12:11,-392126
4/26/18 12:12,-393938
4/26/18 12:13,-394738
4/26/18 12:14,-392595
4/26/18 12:15,-392795
4/26/18 12:16,-392995
4/26/18 12:17,-394496
4/26/18 12:18,-393196
4/26/18 12:19,-391968
4/26/18 12:20,-392868
4/26/18 12:21,-392468
4/26/18 12:22,-391218
4/26/18 12:23,-385786
4/26/18 12:24,-381533
4/26/18 12:25,-380511
4/26/18 12:26,-376011
4/26/18 12:27,-376633
4/26/18 12:28,-376033
4/26/18 12:29,-377133
4/26/18 12:30,-375633
4/26/18 12:31,-375133
4/26/18 12:32,-378233
4/26/18 12:33,-375133
4/26/18 12:34,-374213
4/26/18 12:35,-379278
4/26/18 12:36,-376944
4/26/18 12:37,-379779
4/26/18 12:38,-377465
4/26/18 12:39,-372873
4/26/18 12:40,-373273
4/26/18 12:41,-370973
4/26/18 12:42,-369073
4/26/18 12:43,-369866
4/26/18 12:44,-370790
4/26/18 12:45,-369390
4/26/18 12:46,-375390
4/26/18 12:47,-374790
4/26/18 12:48,-378340
4/26/18 12:49,-375151
4/26/18 12:50,-374551
4/26/18 12:51,-376841
4/26/18 12:52,-373175
4/26/18 12:53,-371979
4/26/18 12:54,-372701
4/26/18 12:55,-372129
4/26/18 12:56,-369830
4/26/18 12:57,-370630
4/26/18 12:58,-370201
4/26/18 12:59,-370501
4/26/18 13:00,-369060
4/26/18 13:01,-368144
4/26/18 13:02,-368039
4/26/18 13:03,-366775
4/26/18 13:04,-364875
4/26/18 13:05,-364475
4/26/18 13:06,-362685
4/26/18 13:07,-363650
4/26/18 13:08,-363250
4/26/18 13:09,-363450
4/26/18 13:10,-362250
4/26/18 13:11,-361650
4/26/18 13:12,-360220
4/26/18 13:13,-358531
4/26/18 13:14,-360747
4/26/18 13:15,-360387
4/26/18 13:16,-361683
4/26/18 13:17,-362083
4/26/18 13:18,-362987
4/26/18 13:19,-363387
4/26/18 13:20,-362787
4/26/18 13:21,-362487
4/26/18 13:22,-362787
4/26/18 13:23,-359363
4/26/18 13:24,-358130
4/26/18 13:25,-357276
4/26/18 13:26,-356326
4/26/18 13:27,-353221
4/26/18 13:28,-349621
4/26/18 13:29,-348658
4/26/18 13:30,-347758
4/26/18 13:31,-342956
4/26/18 13:32,-343156
4/26/18 13:33,-344456
4/26/18 13:34,-342456
4/26/18 13:35,-340439
4/26/18 13:36,-338821
4/26/18 13:37,-339921
4/26/18 13:38,-342324
4/26/18 13:39,-343023
4/26/18 13:40,-342723
4/26/18 13:41,-343323
4/26/18 13:42,-342123
4/26/18 13:43,-342623
4/26/18 13:44,-340663
4/26/18 13:45,-344147
4/26/18 13:46,-340926
4/26/18 13:47,-339355
4/26/18 13:48,-340255
4/26/18 13:49,-342355
4/26/18 13:50,-341455
4/26/18 13:51,-341555
4/26/18 13:52,-340955
4/26/18 13:53,-342895
4/26/18 13:54,-341995
4/26/18 13:55,-342195
4/26/18 13:56,-340795
4/26/18 13:57,-341690
4/26/18 13:58,-342207
4/26/18 13:59,-342707
4/26/18 14:00,-343407
4/26/18 14:01,-344713
4/26/18 14:02,-344425
4/26/18 14:03,-344025
4/26/18 14:04,-344625
4/26/18 14:05,-344325
4/26/18 14:06,-347136
4/26/18 14:07,-347636
4/26/18 14:08,-348586
4/26/18 14:09,-348186
4/26/18 14:10,-346201
4/26/18 14:11,-346601
4/26/18 14:12,-344207
4/26/18 14:13,-343982
4/26/18 14:14,-344382
4/26/18 14:15,-345282
4/26/18 14:16,-338279
4/26/18 14:17,-339479
4/26/18 14:18,-339379
4/26/18 14:19,-340279
4/26/18 14:20,-342879
4/26/18 14:21,-339279
4/26/18 14:22,-338979
4/26/18 14:23,-341924
4/26/18 14:24,-341074
4/26/18 14:25,-344174
4/26/18 14:26,-347320
4/26/18 14:27,-348373
4/26/18 14:28,-348773
4/26/18 14:29,-346359
4/26/18 14:31,-345859
4/26/18 14:32,-345459
4/26/18 14:33,-345059
4/26/18 14:34,-343059
4/26/18 14:35,-342259
4/26/18 14:36,-342459
4/26/18 14:37,-342959
4/26/18 14:38,-343759
4/26/18 14:39,-342065
4/26/18 14:40,-340665
4/26/18 14:41,-336901
4/26/18 14:42,-335901
4/26/18 14:43,-330864
4/26/18 14:44,-335401
4/26/18 14:45,-330992
4/26/18 14:46,-332392
4/26/18 14:47,-330192
4/26/18 14:48,-328788
4/26/18 14:49,-329988
4/26/18 14:50,-331102
4/26/18 14:51,-331902
4/26/18 14:52,-330502
4/26/18 14:53,-331002
4/26/18 14:54,-331402
4/26/18 14:55,-333202
4/26/18 14:56,-333502
4/26/18 14:57,-336948
4/26/18 14:58,-338848
4/26/18 14:59,-336956
4/26/18 15:00,-335399
4/26/18 15:01,-333199
4/26/18 15:02,-333099
4/26/18 15:03,-330979
4/26/18 15:04,-328879
4/26/18 15:05,-327619
4/26/18 15:06,-329594
4/26/18 15:07,-330794
4/26/18 15:08,-332394
4/26/18 15:09,-334894
4/26/18 15:10,-336224
4/26/18 15:11,-333924
4/26/18 15:12,-332324
4/26/18 15:13,-333841
4/26/18 15:14,-333441
4/26/18 15:15,-332942
4/26/18 15:16,-335543
4/26/18 15:17,-336805
4/26/18 15:18,-341003
4/26/18 15:19,-341503
4/26/18 15:20,-341803
4/26/18 15:21,-343270
4/26/18 15:22,-347903
4/26/18 15:23,-346603
4/26/18 15:24,-348203
4/26/18 15:25,-347303
4/26/18 15:26,-347763
4/26/18 15:27,-347763
4/26/18 15:28,-349083
4/26/18 15:29,-349883
4/26/18 15:30,-352570
4/26/18 15:31,-354470
4/26/18 15:32,-355770
4/26/18 15:33,-357283
4/26/18 15:34,-352358
4/26/18 15:35,-350808
4/26/18 15:36,-346408
4/26/18 15:37,-346008
4/26/18 15:38,-344608
4/26/18 15:39,-345608
4/26/18 15:40,-344008
4/26/18 15:41,-348985
4/26/18 15:42,-352632
4/26/18 15:43,-356191
4/26/18 15:44,-353311
4/26/18 15:45,-357451
4/26/18 15:46,-360633
4/26/18 15:47,-362033
4/26/18 15:48,-365998
4/26/18 15:49,-367666
4/26/18 15:50,-364364
4/26/18 15:51,-366189
4/26/18 15:52,-370133
4/26/18 15:53,-365703
4/26/18 15:54,-362953
4/26/18 15:55,-360959
4/26/18 15:56,-357509
4/26/18 15:57,-354809
4/26/18 15:58,-358509
4/26/18 15:59,-362467
4/26/18 16:00,-353079