date,ROC
2018-04-13 10:30,-3.3765
2018-04-13 10:31,-3.0887
2018-04-13 10:32,-3.188
2018-04-13 10:33,-3.3267
2018-04-13 10:34,-3.2076
2018-04-13 10:35,-3.0678
2018-04-13 10:36,-3.1492
2018-04-13 10:37,-3.2141
2018-04-13 10:38,-3.5131
2018-04-13 10:39,-3.3629
2018-04-13 10:40,-3.8725
2018-04-13 10:41,-3.6121
2018-04-13 10:42,-3.3335
2018-04-13 10:43,-3.1174
2018-04-13 10:44,-2.6331
2018-04-13 10:45,-2.7551
2018-04-13 10:46,-2.7488
2018-04-13 10:47,-2.6083
2018-04-13 10:48,-2.1708
2018-04-13 10:49,-1.9171
2018-04-13 10:50,-1.8044
2018-04-13 10:51,-1.6759
2018-04-13 10:52,-1.2057
2018-04-13 10:53,-1.4553
2018-04-13 10:54,-1.3425
2018-04-13 10:55,-1.031
2018-04-13 10:56,-1.1689
2018-04-13 10:57,-0.9603
2018-04-13 10:58,-0.9107
2018-04-13 10:59,-1.0986
2018-04-13 11:00,-1.0455
2018-04-13 11:01,-1.1766
2018-04-13 11:02,-1.3757
2018-04-13 11:03,-1.0962
2018-04-13 11:04,-1.1532
2018-04-13 11:05,-1.2085
2018-04-13 11:06,-1.3878
2018-04-13 11:07,-1.3529
2018-04-13 11:08,-1.2042
2018-04-13 11:09,-0.9977
2018-04-13 11:10,-0.8597
2018-04-13 11:11,-0.9454
2018-04-13 11:12,-0.8556
2018-04-13 11:13,-0.846
2018-04-13 11:14,-0.7019
2018-04-13 11:15,-0.6158
2018-04-13 11:16,-0.4997
2018-04-13 11:17,-0.5046
2018-04-13 11:18,-0.5864
2018-04-13 11:19,-0.7302
2018-04-13 11:20,-0.8461
2018-04-13 11:21,-0.5104
2018-04-13 11:22,-0.7118
2018-04-13 11:23,-0.7698
2018-04-13 11:24,-0.8074
2018-04-13 11:25,-0.611
2018-04-13 11:26,-0.3473
2018-04-13 11:27,0.0195
2018-04-13 11:28,0.1161
2018-04-13 11:29,0.2033
2018-04-13 11:30,0.0435
2018-04-13 11:31,0.0676
2018-04-13 11:32,0.4746
2018-04-13 11:33,0.2512
2018-04-13 11:34,0.0917
2018-04-13 11:35,-0.058
2018-04-13 11:36,0.3255
2018-04-13 11:37,0.502
2018-04-13 11:38,0.3191
2018-04-13 11:39,0.348
2018-04-13 11:40,0.7173
2018-04-13 11:41,0.3873
2018-04-13 11:42,0.409
2018-04-13 11:43,0.4325
2018-04-13 11:44,0.3187
2018-04-13 11:45,0.5705
2018-04-13 11:46,0.784
2018-04-13 11:47,0.8246
2018-04-13 11:48,0.5697
2018-04-13 11:49,0.444
2018-04-13 11:50,0.5682
2018-04-13 11:51,0.7533
2018-04-13 11:52,0.6999
2018-04-13 11:53,1.1018
2018-04-13 11:54,0.8203
2018-04-13 11:55,0.4085
2018-04-13 11:56,0.4774
2018-04-13 11:57,0.5596
2018-04-13 11:58,0.6681
2018-04-13 11:59,0.9466
2018-04-13 12:00,0.9454
2018-04-13 12:01,1.1809
2018-04-13 12:02,1.5601
2018-04-13 12:03,1.6766
2018-04-13 12:04,1.6916
2018-04-13 12:05,1.5146
2018-04-13 12:06,1.5238
2018-04-13 12:07,1.3182
2018-04-13 12:08,1.2261
2018-04-13 12:09,1.1822
2018-04-13 12:10,1.1383
2018-04-13 12:11,1.1773
2018-04-13 12:12,1.2508
2018-04-13 12:13,1.2847
2018-04-13 12:14,1.1038
2018-04-13 12:15,1.0901
2018-04-13 12:16,0.8402
2018-04-13 12:17,0.8935
2018-04-13 12:18,1.0636
2018-04-13 12:19,1.1484
2018-04-13 12:21,1.2209
2018-04-13 12:22,1.113
2018-04-13 12:23,1.1626
2018-04-13 12:24,1.2607
2018-04-13 12:25,1.3081
2018-04-13 12:26,1.3216
2018-04-13 12:27,1.1325
2018-04-13 12:28,1.0631
2018-04-13 12:29,1.004
2018-04-13 12:30,1.1253
2018-04-13 12:31,1.0773
2018-04-13 12:32,1.303
2018-04-13 12:33,1.1857
2018-04-13 12:34,1.2528
2018-04-13 12:35,1.253
2018-04-13 12:36,1.2968
2018-04-13 12:37,1.1566
2018-04-13 12:38,0.9413
2018-04-13 12:39,1.3159
2018-04-13 12:40,1.1271
2018-04-13 12:41,1.0395
2018-04-13 12:42,1.2636
2018-04-13 12:43,1.1183
2018-04-13 12:44,0.9635
2018-04-13 12:45,0.905
2018-04-13 12:46,0.8557
2018-04-13 12:47,0.7395
2018-04-13 12:48,0.6432
2018-04-13 12:49,0.6433
2018-04-13 12:50,0.8024
2018-04-13 12:51,0.7439
2018-04-13 12:52,0.6709
2018-04-13 12:53,0.6031
2018-04-13 12:54,0.3614
2018-04-13 12:55,0.5743
2018-04-13 12:56,0.806
2018-04-13 12:57,0.8318
2018-04-13 12:58,0.8635
2018-04-13 12:59,0.7478
2018-04-13 13:00,0.5469
2018-04-13 13:01,0.7998
2018-04-13 13:02,0.6313
2018-04-13 13:03,0.5264
2018-04-13 13:04,0.3972
2018-04-13 13:05,0.5354
2018-04-13 13:06,0.5451
2018-04-13 13:07,0.4685
2018-04-13 13:08,0.5889
2018-04-13 13:09,0.6655
2018-04-13 13:10,0.6704
2018-04-13 13:11,0.7277
2018-04-13 13:13,0.7566
2018-04-13 13:14,0.6512
2018-04-13 13:15,0.6174
2018-04-13 13:16,0.7183
2018-04-13 13:17,0.6321
2018-04-13 13:18,0.7661
2018-04-13 13:19,0.675
2018-04-13 13:20,0.5741
2018-04-13 13:21,0.6357
2018-04-13 13:22,0.8424
2018-04-13 13:23,0.8182
2018-04-13 13:24,0.7853
2018-04-13 13:25,0.996
2018-04-13 13:26,1.0713
2018-04-13 13:27,0.8505
2018-04-13 13:28,1.072
2018-04-13 13:29,0.9754
2018-04-13 13:30,0.828
2018-04-13 13:31,0.6734
2018-04-13 13:32,0.7265
2018-04-13 13:33,0.3906
2018-04-13 13:34,0.3525
2018-04-13 13:35,0.2808
2018-04-13 13:36,0.1904
2018-04-13 13:37,0.1617
2018-04-13 13:38,0.1521
2018-04-13 13:39,0.2093
2018-04-13 13:40,0.1427
2018-04-13 13:41,0.3251
2018-04-13 13:43,0.3035
2018-04-13 13:44,0.2191
2018-04-13 13:45,0.41
2018-04-13 13:46,0.3051
2018-04-13 13:47,0.3721
2018-04-13 13:48,0.3146
2018-04-13 13:49,0.267
2018-04-13 13:50,0.4245
2018-04-13 13:51,0.4675
2018-04-13 13:52,0.4576
2018-04-13 13:53,0.3752
2018-04-13 13:54,0.2856
2018-04-13 13:55,0.3188
2018-04-13 13:56,0.2473
2018-04-13 13:57,0.2855
2018-04-13 13:58,0.1571
2018-04-13 13:59,0.2983
2018-04-13 14:00,0.2283
2018-04-13 14:01,0.2093
2018-04-13 14:02,0.2078
2018-04-13 14:03,0.0713
2018-04-13 14:04,0.076
2018-04-13 14:05,0.2714
2018-04-13 14:06,0.2762
2018-04-13 14:07,0.1236
2018-04-13 14:08,0.2758
2018-04-13 14:09,0.2189
2018-04-13 14:10,0.3332
2018-04-13 14:11,0.2758
2018-04-13 14:12,0.2664
2018-04-13 14:13,0.1759
2018-04-13 14:14,0.057
2018-04-13 14:15,0.2379
2018-04-13 14:16,0.1332
2018-04-13 14:17,-0.019
2018-04-13 14:18,0.0
2018-04-13 14:19,-0.114
2018-04-13 14:20,-0.0428
2018-04-13 14:21,0.1522
2018-04-13 14:22,0.1227
2018-04-13 14:23,-0.0665
2018-04-13 14:24,-0.1565
2018-04-13 14:25,-0.0238
2018-04-13 14:26,-0.3224
2018-04-13 14:27,-0.4637
2018-04-13 14:28,-0.4074
2018-04-13 14:29,-0.4403
2018-04-13 14:30,-0.4262
2018-04-13 14:31,-0.2988
2018-04-13 14:32,-0.3036
2018-04-13 14:33,-0.2847
2018-04-13 14:34,-0.1613
2018-04-13 14:35,-0.1614
2018-04-13 14:36,-0.0997
2018-04-13 14:37,-0.0665
2018-04-13 14:38,-0.0854
2018-04-13 14:39,-0.1804
2018-04-13 14:40,-0.1908
2018-04-13 14:41,-0.4086
2018-04-13 14:42,-0.4369
2018-04-13 14:43,-0.4545
2018-04-13 14:44,-0.3232
2018-04-13 14:45,-0.4652
2018-04-13 14:46,-0.4277
2018-04-13 14:47,-0.3897
2018-04-13 14:48,-0.5512
2018-04-13 14:49,-0.5706
2018-04-13 14:50,-0.7219
2018-04-13 14:51,-0.8062
2018-04-13 14:52,-0.892
2018-04-13 14:53,-0.9148
2018-04-13 14:54,-0.8924
2018-04-13 14:55,-0.8821
2018-04-13 14:56,-0.9559
2018-04-13 14:57,-0.9916
2018-04-13 14:58,-0.9171
2018-04-13 14:59,-1.063
2018-04-13 15:00,-1.1104
2018-04-13 15:01,-1.0754
2018-04-13 15:02,-1.1776
2018-04-13 15:03,-1.2203
2018-04-13 15:04,-1.2348
2018-04-13 15:05,-1.3909
2018-04-13 15:06,-1.4151
2018-04-13 15:07,-1.4857
2018-04-13 15:08,-1.6221
2018-04-13 15:09,-1.4717
2018-04-13 15:10,-1.5182
2018-04-13 15:11,-1.4608
2018-04-13 15:12,-1.3852
2018-04-13 15:13,-1.3522
2018-04-13 15:14,-1.3014
2018-04-13 15:15,-1.3953
2018-04-13 15:16,-1.4829
2018-04-13 15:17,-1.4486
2018-04-13 15:18,-1.5322
2018-04-13 15:19,-1.6461
2018-04-13 15:20,-1.722
2018-04-13 15:21,-1.7762
2018-04-13 15:22,-1.7947
2018-04-13 15:23,-1.5959
2018-04-13 15:24,-1.5595
2018-04-13 15:25,-1.6205
2018-04-13 15:26,-1.4935
2018-04-13 15:27,-1.6163
2018-04-13 15:28,-1.4937
2018-04-13 15:29,-1.6027
2018-04-13 15:30,-1.5979
2018-04-13 15:31,-1.6744
2018-04-13 15:32,-1.663
2018-04-13 15:33,-1.6941
2018-04-13 15:34,-1.8061
2018-04-13 15:35,-1.7495
2018-04-13 15:36,-1.8336
2018-04-13 15:37,-1.7494
2018-04-13 15:38,-1.6927
2018-04-13 15:39,-1.6453
2018-04-13 15:40,-1.255
2018-04-13 15:41,-0.9636
2018-04-13 15:42,-1.0167
2018-04-13 15:43,-0.8682
2018-04-13 15:44,-0.8868
2018-04-13 15:45,-0.8872
2018-04-13 15:46,-0.7541
2018-04-13 15:47,-0.8684
2018-04-13 15:48,-0.8122
2018-04-13 15:49,-0.7077
2018-04-13 15:50,-0.5358
2018-04-13 15:51,-0.5035
2018-04-13 15:52,-0.3447
2018-04-13 15:53,-0.182
2018-04-13 15:54,-0.0575
2018-04-13 15:55,-0.378
2018-04-13 15:56,-0.4242
2018-04-13 15:57,-0.4172
2018-04-13 15:58,-0.1918
2018-04-13 15:59,-0.2302
2018-04-13 16:00,-0.048
2018-04-16 09:30,0.3672
2018-04-16 09:31,0.9418
2018-04-16 09:32,0.7114
2018-04-16 09:33,1.1829
2018-04-16 09:34,1.0927
2018-04-16 09:35,1.2042
2018-04-16 09:36,1.0068
2018-04-16 09:37,0.8196
2018-04-16 09:38,0.6698
2018-04-16 09:39,0.9779
2018-04-16 09:40,0.8664
2018-04-16 09:41,0.8563
2018-04-16 09:42,0.505
2018-04-16 09:43,0.0962
2018-04-16 09:44,0.1324
2018-04-16 09:45,0.5986
2018-04-16 09:46,0.7317
2018-04-16 09:47,0.8118
2018-04-16 09:48,0.7933
2018-04-16 09:49,0.7744
2018-04-16 09:50,0.793
2018-04-16 09:51,0.6623
2018-04-16 09:52,0.4537
2018-04-16 09:53,0.6086
2018-04-16 09:54,0.4058
2018-04-16 09:55,0.3766
2018-04-16 09:56,0.2706
2018-04-16 09:57,0.1062
2018-04-16 09:58,0.2707
2018-04-16 09:59,0.029
2018-04-16 10:00,0.2419
2018-04-16 10:01,0.2008
2018-04-16 10:02,0.3873
2018-04-16 10:03,0.3139
2018-04-16 10:04,0.2903
2018-04-16 10:05,0.3774
2018-04-16 10:06,0.3387
2018-04-16 10:07,0.3289
2018-04-16 10:08,0.3094
2018-04-16 10:09,0.0151
2018-04-16 10:10,0.0771
2018-04-16 10:11,-0.0048
2018-04-16 10:12,-0.2791
2018-04-16 10:13,-0.4233
2018-04-16 10:14,-0.4139
2018-04-16 10:15,-0.4329
2018-04-16 10:16,-0.4236
2018-04-16 10:17,-0.3854
2018-04-16 10:18,-0.5971
2018-04-16 10:19,-0.5964
2018-04-16 10:20,-0.611
2018-04-16 10:21,-0.4612
2018-04-16 10:22,-0.5182
2018-04-16 10:23,-0.4313
2018-04-16 10:24,0.0192
2018-04-16 10:25,0.1732
2018-04-16 10:26,0.1059
2018-04-16 10:27,-0.1682
2018-04-16 10:28,-0.1058
2018-04-16 10:29,-0.289
2018-04-16 10:30,-0.7986
2018-04-16 10:31,-1.2348
2018-04-16 10:32,-1.0787
2018-04-16 10:34,-1.6443
2018-04-16 10:35,-1.505
2018-04-16 10:36,-1.7135
2018-04-16 10:37,-1.4794
2018-04-16 10:38,-1.1381
2018-04-16 10:39,-1.0482
2018-04-16 10:40,-1.1593
2018-04-16 10:41,-1.1214
2018-04-16 10:42,-1.2688
2018-04-16 10:43,-1.048
2018-04-16 10:44,-0.4808
2018-04-16 10:45,-0.3966
2018-04-16 10:46,-0.7286
2018-04-16 10:47,-0.9011
2018-04-16 10:48,-0.8341
2018-04-16 10:49,-0.7774
2018-04-16 10:50,-0.8742
2018-04-16 10:52,-1.0266
2018-04-16 10:53,-0.9366
2018-04-16 10:54,-0.8264
2018-04-16 10:55,-0.7969
2018-04-16 10:56,-0.5966
2018-04-16 10:57,-0.5676
2018-04-16 10:58,-0.3662
2018-04-16 10:59,-0.2991
2018-04-16 11:00,-0.5688
2018-04-16 11:01,-0.2657
2018-04-16 11:02,-0.2703
2018-04-16 11:03,-0.1738
2018-04-16 11:04,-0.434
2018-04-16 11:05,-0.4818
2018-04-16 11:06,-0.4149
2018-04-16 11:07,-0.5206
2018-04-16 11:08,-0.4051
2018-04-16 11:09,-0.3857
2018-04-16 11:10,-0.5089
2018-04-16 11:11,-0.7762
2018-04-16 11:12,-0.9144
2018-04-16 11:13,-0.8682
2018-04-16 11:14,-0.6948
2018-04-16 11:15,-0.5314
2018-04-16 11:16,-0.6185
2018-04-16 11:17,-0.6471
2018-04-16 11:18,-0.5994
2018-04-16 11:19,-0.5899
2018-04-16 11:20,-0.3304
2018-04-16 11:21,-0.3484
2018-04-16 11:22,-0.3872
2018-04-16 11:23,-0.6564
2018-04-16 11:24,-0.6946
2018-04-16 11:25,-0.9097
2018-04-16 11:26,-1.2005
2018-04-16 11:27,-1.2391
2018-04-16 11:28,-1.0
2018-04-16 11:29,-0.9
2018-04-16 11:30,-0.847
2018-04-16 11:31,-0.8561
2018-04-16 11:32,-0.6218
2018-04-16 11:33,-0.6102
2018-04-16 11:34,-0.4921
2018-04-16 11:35,-0.3286
2018-04-16 11:36,-0.2563
2018-04-16 11:37,0.0872
2018-04-16 11:38,0.0872
2018-04-16 11:39,0.0048
2018-04-16 11:40,0.0917
2018-04-16 11:41,-0.1738
2018-04-16 11:42,-0.2558
2018-04-16 11:43,-0.1158
2018-04-16 11:44,0.1257
2018-04-16 11:45,0.087
2018-04-16 11:47,-0.1914
2018-04-16 11:49,-0.1705
2018-04-16 11:50,-0.1348
2018-04-16 11:51,0.1837
2018-04-16 11:52,0.1354
2018-04-16 11:53,0.3876
2018-04-16 11:54,0.5622
2018-04-16 11:55,0.2715
2018-04-16 11:56,0.3682
2018-04-16 11:57,0.3484
2018-04-16 11:58,0.3291
2018-04-16 11:59,0.2951
2018-04-16 12:00,0.3555
2018-04-16 12:01,0.5225
2018-04-16 12:03,0.8047
2018-04-16 12:04,0.7121
2018-04-16 12:05,0.6049
2018-04-16 12:06,0.5757
2018-04-16 12:07,0.6538
2018-04-16 12:08,0.8582
2018-04-16 12:09,0.9205
2018-04-16 12:10,1.037
2018-04-16 12:11,0.978
2018-04-16 12:12,0.8517
2018-04-16 12:13,1.2381
2018-04-16 12:14,1.5825
2018-04-16 12:15,1.632
2018-04-16 12:16,1.6825
2018-04-16 12:17,1.6618
2018-04-16 12:18,1.6027
2018-04-16 12:19,1.731
2018-04-16 12:20,1.7015
2018-04-16 12:21,1.7166
2018-04-16 12:22,1.5858
2018-04-16 12:23,1.43
2018-04-16 12:24,1.4663
2018-04-16 12:25,1.6035
2018-04-16 12:26,1.5838
2018-04-16 12:27,1.6612
2018-04-16 12:28,1.7827
2018-04-16 12:29,1.7935
2018-04-16 12:30,2.0035
2018-04-16 12:31,2.0396
2018-04-16 12:32,2.0204
2018-04-16 12:33,2.0192
2018-04-16 12:34,1.9716
2018-04-16 12:35,1.6201
2018-04-16 12:36,1.3966
2018-04-16 12:37,1.3578
2018-04-16 12:38,1.2604
2018-04-16 12:39,1.338
2018-04-16 12:40,1.1781
2018-04-16 12:41,1.1035
2018-04-16 12:42,1.0834
2018-04-16 12:43,1.005
2018-04-16 12:44,1.0115
2018-04-16 12:45,1.0451
2018-04-16 12:46,1.1608
2018-04-16 12:47,1.0682
2018-04-16 12:48,0.958
2018-04-16 12:49,1.1637
2018-04-16 12:50,0.9351
2018-04-16 12:51,1.06
2018-04-16 12:52,0.7527
2018-04-16 12:53,0.9032
2018-04-16 12:54,0.9043
2018-04-16 12:55,0.6266
2018-04-16 12:56,0.9767
2018-04-16 12:57,0.7917
2018-04-16 12:58,0.8632
2018-04-16 12:59,0.8008
2018-04-16 13:00,0.7863
2018-04-16 13:03,0.6482
2018-04-16 13:04,0.5376
2018-04-16 13:05,0.4136
2018-04-16 13:06,0.2742
2018-04-16 13:07,0.3704
2018-04-16 13:09,0.303
2018-04-16 13:10,0.4475
2018-04-16 13:11,0.298
2018-04-16 13:12,0.1248
2018-04-16 13:13,0.048
2018-04-16 13:14,0.043
2018-04-16 13:15,0.1631
2018-04-16 13:16,-0.1274
2018-04-16 13:17,-0.2867
2018-04-16 13:18,-0.4387
2018-04-16 13:19,-0.411
2018-04-16 13:20,-0.3585
2018-04-16 13:21,-0.4111
2018-04-16 13:22,-0.5083
2018-04-16 13:23,-0.4493
2018-04-16 13:24,-0.5259
2018-04-16 13:25,-0.3256
2018-04-16 13:26,-0.2514
2018-04-16 13:27,-0.6028
2018-04-16 13:28,-0.6504
2018-04-16 13:29,-0.6635
2018-04-16 13:30,-0.719
2018-04-16 13:31,-0.8113
2018-04-16 13:32,-0.721
2018-04-16 13:33,-0.9344
2018-04-16 13:34,-1.1612
2018-04-16 13:35,-1.0473
2018-04-16 13:36,-1.1039
2018-04-16 13:37,-1.0046
2018-04-16 13:38,-0.7446
2018-04-16 13:39,-0.6121
2018-04-16 13:40,-0.4881
2018-04-16 13:41,-0.4404
2018-04-16 13:42,-0.4497
2018-04-16 13:43,-0.6383
2018-04-16 13:44,-0.6415
2018-04-16 13:45,-0.6586
2018-04-16 13:46,-0.6455
2018-04-16 13:47,-0.5661
2018-04-16 13:49,-0.565
2018-04-16 13:50,-0.698
2018-04-16 13:51,-0.8562
2018-04-16 13:52,-0.7003
2018-04-16 13:53,-0.7456
2018-04-16 13:54,-0.5175
2018-04-16 13:56,-0.5843
2018-04-16 13:57,-0.6704
2018-04-16 13:58,-0.7324
2018-04-16 13:59,-0.6858
2018-04-16 14:00,-0.6227
2018-04-16 14:01,-0.6033
2018-04-16 14:03,-0.5939
2018-04-16 14:04,-0.8367
2018-04-16 14:05,-0.7561
2018-04-16 14:06,-0.7275
2018-04-16 14:07,-0.6943
2018-04-16 14:08,-0.6592
2018-04-16 14:09,-0.6418
2018-04-16 14:10,-0.3981
2018-04-16 14:11,-0.508
2018-04-16 14:12,-0.4699
2018-04-16 14:13,-0.5557
2018-04-16 14:14,-0.5752
2018-04-16 14:15,-0.5972
2018-04-16 14:16,-0.604
2018-04-16 14:17,-0.6612
2018-04-16 14:18,-0.6994
2018-04-16 14:19,-0.6966
2018-04-16 14:20,-0.6901
2018-04-16 14:21,-0.4618
2018-04-16 14:22,-0.4511
2018-04-16 14:23,-0.5133
2018-04-16 14:24,-0.3984
2018-04-16 14:25,-0.3539
2018-04-16 14:26,-0.6482
2018-04-16 14:27,-0.5094
2018-04-16 14:28,-0.5957
2018-04-16 14:29,-0.5427
2018-04-16 14:30,-0.3563
2018-04-16 14:31,-0.337
2018-04-16 14:32,-0.2809
2018-04-16 14:33,-0.3538
2018-04-16 14:34,-0.4811
2018-04-16 14:35,-0.4569
2018-04-16 14:36,-0.4139
2018-04-16 14:37,-0.2889
2018-04-16 14:38,-0.4041
2018-04-16 14:39,-0.404
2018-04-16 14:40,-0.3803
2018-04-16 14:41,-0.4328
2018-04-16 14:42,-0.3849
2018-04-16 14:43,-0.5769
2018-04-16 14:44,-0.5674
2018-04-16 14:45,-0.567
2018-04-16 14:46,-0.4139
2018-04-16 14:47,-0.2987
2018-04-16 14:48,-0.3437
2018-04-16 14:49,-0.3594
2018-04-16 14:50,-0.4379
2018-04-16 14:51,-0.3949
2018-04-16 14:52,-0.4044
2018-04-16 14:53,-0.2699
2018-04-16 14:54,-0.5296
2018-04-16 14:55,-0.5297
2018-04-16 14:56,-0.4624
2018-04-16 14:57,-0.3565
2018-04-16 14:58,-0.3568
2018-04-16 14:59,-0.3279
2018-04-16 15:00,-0.4431
2018-04-16 15:01,-0.3181
2018-04-16 15:02,-0.3179
2018-04-16 15:03,-0.2409
2018-04-16 15:04,-0.1499
2018-04-16 15:05,-0.0579
2018-04-16 15:06,-0.1061
2018-04-16 15:07,-0.1495
2018-04-16 15:08,-0.2699
2018-04-16 15:09,-0.2121
2018-04-16 15:10,-0.2985
2018-04-16 15:11,-0.2216
2018-04-16 15:13,-0.1927
2018-04-16 15:14,-0.2987
2018-04-16 15:15,-0.2073
2018-04-16 15:16,-0.1816
2018-04-16 15:17,-0.2508
2018-04-16 15:18,-0.2461
2018-04-16 15:19,-0.2605
2018-04-16 15:20,-0.1833
2018-04-16 15:21,-0.1544
2018-04-16 15:22,-0.3279
2018-04-16 15:23,-0.376
2018-04-16 15:24,-0.3472
2018-04-16 15:25,-0.3325
2018-04-16 15:26,-0.3269
2018-04-16 15:27,-0.0242
2018-04-16 15:28,-0.1208
2018-04-16 15:29,-0.0387
2018-04-16 15:30,-0.0897
2018-04-16 15:31,0.0243
2018-04-16 15:32,0.0483
2018-04-16 15:33,0.0052
2018-04-16 15:34,0.029
2018-04-16 15:35,0.1354
2018-04-16 15:36,0.0435
2018-04-16 15:37,-0.0097
2018-04-16 15:38,-0.1256
2018-04-16 15:39,-0.0676
2018-04-16 15:40,0.0097
2018-04-16 15:41,0.0483
2018-04-16 15:42,0.0869
2018-04-16 15:43,0.1739
2018-04-16 15:44,0.3385
2018-04-16 15:45,0.4449
2018-04-16 15:46,0.29
2018-04-16 15:47,0.3576
2018-04-16 15:48,0.232
2018-04-16 15:49,0.203
2018-04-16 15:50,0.2931
2018-04-16 15:51,0.4062
2018-04-16 15:52,0.4254
2018-04-16 15:53,0.3867
2018-04-16 15:54,0.3287
2018-04-16 15:55,0.4259
2018-04-16 15:56,0.5132
2018-04-16 15:57,0.5226
2018-04-16 15:58,0.4834
2018-04-16 15:59,0.5129
2018-04-16 16:00,0.4935
2018-04-17 09:30,1.8191
2018-04-17 09:31,1.3538
2018-04-17 09:32,1.6125
2018-04-17 09:33,2.2071
2018-04-17 09:34,1.5408
2018-04-17 09:35,1.6327
2018-04-17 09:36,1.3031
2018-04-17 09:37,1.7288
2018-04-17 09:38,1.44
2018-04-17 09:39,1.5119
2018-04-17 09:40,1.6471
2018-04-17 09:41,1.7573
2018-04-17 09:42,1.7378
2018-04-17 09:43,1.6041
2018-04-17 09:44,1.7552
2018-04-17 09:45,1.9919
2018-04-17 09:46,2.1284
2018-04-17 09:47,2.1958
2018-04-17 09:48,2.3121
2018-04-17 09:49,2.1945
2018-04-17 09:50,2.1411
2018-04-17 09:51,2.0041
2018-04-17 09:52,1.9936
2018-04-17 09:53,1.916
2018-04-17 09:54,1.8037
2018-04-17 09:55,1.8854
2018-04-17 09:56,2.0062
2018-04-17 09:57,1.954
2018-04-17 09:58,1.7501
2018-04-17 09:59,1.6873
2018-04-17 10:00,1.647
2018-04-17 10:01,1.6897
2018-04-17 10:02,1.7235
2018-04-17 10:03,1.84
2018-04-17 10:04,1.825
2018-04-17 10:05,1.9656
2018-04-17 10:06,2.0684
2018-04-17 10:07,2.2822
2018-04-17 10:08,2.2815
2018-04-17 10:09,2.2749
2018-04-17 10:10,2.3072
2018-04-17 10:11,2.35
2018-04-17 10:12,2.1854
2018-04-17 10:13,2.129
2018-04-17 10:14,2.3447
2018-04-17 10:15,2.4889
2018-04-17 10:16,2.5378
2018-04-17 10:17,2.5166
2018-04-17 10:18,2.6915
2018-04-17 10:19,2.5877
2018-04-17 10:20,2.5811
2018-04-17 10:21,2.4805
2018-04-17 10:22,2.545
2018-04-17 10:23,2.5725
2018-04-17 10:24,2.5689
2018-04-17 10:25,2.5046
2018-04-17 10:26,2.3252
2018-04-17 10:27,2.3288
2018-04-17 10:28,2.3298
2018-04-17 10:29,2.3399
2018-04-17 10:30,0.9598
2018-04-17 10:31,1.2403
2018-04-17 10:32,1.0575
2018-04-17 10:33,0.4536
2018-04-17 10:34,1.2174
2018-04-17 10:35,1.1849
2018-04-17 10:36,1.6293
2018-04-17 10:37,1.1108
2018-04-17 10:38,1.3434
2018-04-17 10:39,1.1468
2018-04-17 10:40,1.2688
2018-04-17 10:41,1.1671
2018-04-17 10:42,1.2811
2018-04-17 10:43,1.455
2018-04-17 10:44,1.1757
2018-04-17 10:45,0.9381
2018-04-17 10:46,0.8796
2018-04-17 10:47,0.7666
2018-04-17 10:48,0.6051
2018-04-17 10:49,0.6104
2018-04-17 10:50,0.6104
2018-04-17 10:51,0.9382
2018-04-17 10:52,1.0532
2018-04-17 10:53,1.1584
2018-04-17 10:54,1.2964
2018-04-17 10:55,1.2866
2018-04-17 10:56,1.1478
2018-04-17 10:57,1.2239
2018-04-17 10:58,1.4159
2018-04-17 10:59,1.6118
2018-04-17 11:00,1.5016
2018-04-17 11:01,1.4954
2018-04-17 11:02,1.699
2018-04-17 11:03,1.5119
2018-04-17 11:04,1.6027
2018-04-17 11:05,1.6246
2018-04-17 11:06,1.5625
2018-04-17 11:07,1.352
2018-04-17 11:08,1.38
2018-04-17 11:09,1.2987
2018-04-17 11:10,1.1702
2018-04-17 11:11,0.9102
2018-04-17 11:12,0.8154
2018-04-17 11:13,0.8219
2018-04-17 11:14,0.4657
2018-04-17 11:15,0.3089
2018-04-17 11:16,0.2019
2018-04-17 11:17,0.2351
2018-04-17 11:18,0.0873
2018-04-17 11:19,0.0658
2018-04-17 11:20,-0.0284
2018-04-17 11:21,0.0599
2018-04-17 11:22,0.0258
2018-04-17 11:23,0.1973
2018-04-17 11:24,0.2584
2018-04-17 11:25,0.2167
2018-04-17 11:26,0.3999
2018-04-17 11:27,0.3009
2018-04-17 11:28,0.3904
2018-04-17 11:29,0.2256
2018-04-17 11:30,0.2447
2018-04-17 11:31,0.4335
2018-04-17 11:32,0.2447
2018-04-17 11:33,0.2117
2018-04-17 11:34,0.0703
2018-04-17 11:35,-0.244
2018-04-17 11:36,-0.2813
2018-04-17 11:37,0.0188
2018-04-17 11:38,0.0846
2018-04-17 11:39,0.3764
2018-04-17 11:40,0.2065
2018-04-17 11:41,0.1254
2018-04-17 11:42,-0.0094
2018-04-17 11:43,-0.0384
2018-04-17 11:44,0.1314
2018-04-17 11:45,0.1971
2018-04-17 11:46,0.2018
2018-04-17 11:47,0.3101
2018-04-17 11:48,0.282
2018-04-17 11:49,0.4181
2018-04-17 11:50,0.3198
2018-04-17 11:51,0.2039
2018-04-17 11:52,0.1221
2018-04-17 11:53,0.0751
2018-04-17 11:54,0.0281
2018-04-17 11:55,0.0422
2018-04-17 11:56,0.0084
2018-04-17 11:57,-0.0141
2018-04-17 11:58,-0.1218
2018-04-17 11:59,-0.2527
2018-04-17 12:00,-0.1404
2018-04-17 12:01,-0.0795
2018-04-17 12:02,-0.3127
2018-04-17 12:03,-0.2148
2018-04-17 12:04,-0.2977
2018-04-17 12:05,-0.4055
2018-04-17 12:06,-0.3823
2018-04-17 12:07,-0.2435
2018-04-17 12:08,-0.289
2018-04-17 12:09,-0.2699
2018-04-17 12:10,-0.2054
2018-04-17 12:11,-0.0654
2018-04-17 12:12,0.1147
2018-04-17 12:13,0.1217
2018-04-17 12:14,0.206
2018-04-17 12:15,0.3084
2018-04-17 12:16,0.2906
2018-04-17 12:17,0.366
2018-04-17 12:18,0.4384
2018-04-17 12:19,0.4647
2018-04-17 12:20,0.5073
2018-04-17 12:21,0.493
2018-04-17 12:22,0.3615
2018-04-17 12:23,0.1594
2018-04-17 12:24,0.192
2018-04-17 12:25,0.3745
2018-04-17 12:26,0.2905
2018-04-17 12:27,0.2906
2018-04-17 12:28,0.253
2018-04-17 12:29,0.3755
2018-04-17 12:30,0.4507
2018-04-17 12:31,0.38
2018-04-17 12:32,0.4695
2018-04-17 12:33,0.4271
2018-04-17 12:34,0.4509
2018-04-17 12:35,0.6114
2018-04-17 12:36,0.5453
2018-04-17 12:37,0.1176
2018-04-17 12:39,0.1664
2018-04-17 12:40,0.0527
2018-04-17 12:41,-0.0562
2018-04-17 12:42,-0.0222
2018-04-17 12:43,-0.0094
2018-04-17 12:44,0.2071
2018-04-17 12:45,0.1218
2018-04-17 12:46,0.0187
2018-04-17 12:47,-0.0047
2018-04-17 12:49,-0.0375
2018-04-17 12:51,0.15
2018-04-17 12:53,0.0655
2018-04-17 12:54,0.1782
2018-04-17 12:55,0.106
2018-04-17 12:56,0.0938
2018-04-17 12:57,0.0794
2018-04-17 12:58,0.0094
2018-04-17 12:59,-0.0187
2018-04-17 13:00,-0.0047
2018-04-17 13:01,0.0422
2018-04-17 13:05,0.2248
2018-04-17 13:06,0.2111
2018-04-17 13:07,0.1125
2018-04-17 13:08,0.0094
2018-04-17 13:09,0.0
2018-04-17 13:10,-0.1217
2018-04-17 13:11,-0.0477
2018-04-17 13:12,-0.014
2018-04-17 13:14,-0.0796
2018-04-17 13:15,-0.1721
2018-04-17 13:16,-0.2338
2018-04-17 13:17,-0.2155
2018-04-17 13:18,-0.2687
2018-04-17 13:19,-0.1777
2018-04-17 13:20,-0.2174
2018-04-17 13:21,-0.2337
2018-04-17 13:22,-0.2056
2018-04-17 13:23,-0.1776
2018-04-17 13:24,0.0374
2018-04-17 13:25,0.0093
2018-04-17 13:26,-0.028
2018-04-17 13:27,-0.0794
2018-04-17 13:30,0.028
2018-04-17 13:31,-0.014
2018-04-17 13:32,0.145
2018-04-17 13:33,0.1825
2018-04-17 13:35,0.2013
2018-04-17 13:36,0.028
2018-04-17 13:37,0.0514
2018-04-17 13:38,-0.0327
2018-04-17 13:39,-0.0514
2018-04-17 13:40,0.0935
2018-04-17 13:41,0.0654
2018-04-17 13:42,0.0514
2018-04-17 13:43,-0.0374
2018-04-17 13:44,-0.0279
2018-04-17 13:46,0.0327
2018-04-17 13:47,0.0374
2018-04-17 13:48,0.159
2018-04-17 13:49,0.4264
2018-04-17 13:50,0.3595
2018-04-17 13:51,0.2284
2018-04-17 13:52,0.3842
2018-04-17 13:53,0.4076
2018-04-17 13:54,0.4557
2018-04-17 13:55,0.4212
2018-04-17 13:56,0.5336
2018-04-17 13:57,0.5948
2018-04-17 13:58,0.6323
2018-04-17 13:59,0.6276
2018-04-17 14:00,0.5708
2018-04-17 14:01,0.6082
2018-04-17 14:02,0.6458
2018-04-17 14:03,0.7261
2018-04-17 14:04,0.7121
2018-04-17 14:05,0.7266
2018-04-17 14:06,0.6843
2018-04-17 14:07,0.5811
2018-04-17 14:08,0.4591
2018-04-17 14:09,0.4029
2018-04-17 14:10,0.2812
2018-04-17 14:11,0.2301
2018-04-17 14:12,0.2154
2018-04-17 14:13,0.2996
2018-04-17 14:14,0.2621
2018-04-17 14:15,0.3655
2018-04-17 14:16,0.3278
2018-04-17 14:17,0.3463
2018-04-17 14:18,0.473
2018-04-17 14:19,0.4356
2018-04-17 14:20,0.4227
2018-04-17 14:21,0.431
2018-04-17 14:22,0.2975
2018-04-17 14:23,0.3466
2018-04-17 14:24,0.3655
2018-04-17 14:26,0.3186
2018-04-17 14:27,0.3688
2018-04-17 14:28,0.3183
2018-04-17 14:29,0.2149
2018-04-17 14:30,0.1963
2018-04-17 14:32,0.1262
2018-04-17 14:33,0.2619
2018-04-17 14:35,0.1086
2018-04-17 14:36,0.1962
2018-04-17 14:37,0.1962
2018-04-17 14:38,0.2476
2018-04-17 14:39,0.2045
2018-04-17 14:40,0.3129
2018-04-17 14:42,0.3269
2018-04-17 14:43,0.4489
2018-04-17 14:44,0.4676
2018-04-17 14:45,0.3737
2018-04-17 14:46,0.3737
2018-04-17 14:47,0.4764
2018-04-17 14:48,0.5142
2018-04-17 14:49,0.6029
2018-04-17 14:51,0.5046
2018-04-17 14:52,0.486
2018-04-17 14:53,0.4341
2018-04-17 14:54,0.4127
2018-04-17 14:55,0.4667
2018-04-17 14:56,0.4393
2018-04-17 14:57,0.2987
2018-04-17 14:58,0.2566
2018-04-17 14:59,0.1714
2018-04-17 15:00,0.0938
2018-04-17 15:01,-0.0652
2018-04-17 15:02,0.0233
2018-04-17 15:03,-0.0047
2018-04-17 15:04,-0.0419
2018-04-17 15:05,-0.1349
2018-04-17 15:06,-0.186
2018-04-17 15:07,-0.186
2018-04-17 15:08,-0.1721
2018-04-17 15:09,-0.1675
2018-04-17 15:10,-0.1489
2018-04-17 15:11,-0.0559
2018-04-17 15:12,-0.0093
2018-04-17 15:13,0.1306
2018-04-17 15:14,0.196
2018-04-17 15:15,0.2054
2018-04-17 15:16,0.2514
2018-04-17 15:17,0.3318
2018-04-17 15:18,0.2333
2018-04-17 15:19,0.3922
2018-04-17 15:20,0.3735
2018-04-17 15:21,0.4016
2018-04-17 15:22,0.3545
2018-04-17 15:23,0.3805
2018-04-17 15:24,0.4104
2018-04-17 15:25,0.475
2018-04-17 15:26,0.4198
2018-04-17 15:27,0.5326
2018-04-17 15:28,0.5695
2018-04-17 15:29,0.5602
2018-04-17 15:30,0.6165
2018-04-17 15:31,0.4816
2018-04-17 15:32,0.5692
2018-04-17 15:33,0.489
2018-04-17 15:34,0.5272
2018-04-17 15:35,0.5368
2018-04-17 15:36,0.4431
2018-04-17 15:37,0.5353
2018-04-17 15:38,0.5689
2018-04-17 15:39,0.5128
2018-04-17 15:40,0.5592
2018-04-17 15:41,0.5507
2018-04-17 15:42,0.4796
2018-04-17 15:43,0.3351
2018-04-17 15:44,0.3491
2018-04-17 15:45,0.4282
2018-04-17 15:46,0.3956
2018-04-17 15:47,0.4374
2018-04-17 15:48,0.372
2018-04-17 15:49,0.4279
2018-04-17 15:50,0.3904
2018-04-17 15:51,0.2696
2018-04-17 15:52,0.1488
2018-04-17 15:53,0.0511
2018-04-17 15:54,0.1004
2018-04-17 15:55,0.1442
2018-04-17 15:56,0.2047
2018-04-17 15:57,0.1536
2018-04-17 15:58,0.1955
2018-04-17 15:59,0.2514
2018-04-17 16:00,0.1576
2018-04-18 09:30,-0.1677
2018-04-18 09:31,-0.4003
2018-04-18 09:32,-0.7354
2018-04-18 09:33,-0.6659
2018-04-18 09:34,-1.0296
2018-04-18 09:35,-1.0949
2018-04-18 09:36,-0.941
2018-04-18 09:37,-0.9784
2018-04-18 09:38,-0.9226
2018-04-18 09:39,-0.9411
2018-04-18 09:40,-1.3414
2018-04-18 09:41,-1.6215
2018-04-18 09:42,-1.5836
2018-04-18 09:43,-1.2202
2018-04-18 09:44,-1.4252
2018-04-18 09:45,-1.6957
2018-04-18 09:46,-1.8959
2018-04-18 09:47,-1.9369
2018-04-18 09:48,-1.8138
2018-04-18 09:49,-1.5536
2018-04-18 09:50,-1.4414
2018-04-18 09:51,-1.2085
2018-04-18 09:52,-1.2521
2018-04-18 09:53,-1.2168
2018-04-18 09:54,-1.1146
2018-04-18 09:55,-1.152
2018-04-18 09:56,-1.2292
2018-04-18 09:57,-1.4295
2018-04-18 09:58,-1.2535
2018-04-18 09:59,-1.1511
2018-04-18 10:00,-1.1793
2018-04-18 10:01,-1.2991
2018-04-18 10:02,-1.5443
2018-04-18 10:03,-1.6196
2018-04-18 10:04,-1.43
2018-04-18 10:05,-1.4808
2018-04-18 10:06,-1.356
2018-04-18 10:07,-1.7342
2018-04-18 10:08,-1.8305
2018-04-18 10:09,-2.0945
2018-04-18 10:10,-1.9739
2018-04-18 10:11,-2.0108
2018-04-18 10:12,-1.9488
2018-04-18 10:13,-2.1245
2018-04-18 10:14,-2.4564
2018-04-18 10:15,-2.4338
2018-04-18 10:16,-2.4692
2018-04-18 10:17,-2.4736
2018-04-18 10:18,-2.4868
2018-04-18 10:19,-2.3702
2018-04-18 10:20,-2.1142
2018-04-18 10:21,-1.8016
2018-04-18 10:22,-1.8303
2018-04-18 10:23,-1.6665
2018-04-18 10:24,-1.6578
2018-04-18 10:25,-1.5789
2018-04-18 10:26,-1.6124
2018-04-18 10:27,-1.7
2018-04-18 10:28,-1.8151
2018-04-18 10:29,-1.7747
2018-04-18 10:30,-1.1479
2018-04-18 10:31,-0.9067
2018-04-18 10:32,-0.4689
2018-04-18 10:33,-0.4594
2018-04-18 10:34,-0.1789
2018-04-18 10:35,-0.2308
2018-04-18 10:36,-0.2872
2018-04-18 10:37,-0.1976
2018-04-18 10:38,-0.2257
2018-04-18 10:39,-0.1975
2018-04-18 10:40,0.2455
2018-04-18 10:41,0.6041
2018-04-18 10:42,0.6531
2018-04-18 10:43,0.1273
2018-04-18 10:44,0.4158
2018-04-18 10:45,0.8625
2018-04-18 10:46,1.0162
2018-04-18 10:47,0.9876
2018-04-18 10:48,0.7326
2018-04-18 10:49,0.6426
2018-04-18 10:50,0.5943
2018-04-18 10:51,0.4517
2018-04-18 10:52,0.1223
2018-04-18 10:53,0.1551
2018-04-18 10:54,0.1785
2018-04-18 10:55,0.235
2018-04-18 10:56,0.4541
2018-04-18 10:57,0.6592
2018-04-18 10:58,0.4325
2018-04-18 10:59,0.3005
2018-04-18 11:00,0.3571
2018-04-18 11:02,0.5265
2018-04-18 11:03,0.6973
2018-04-18 11:04,0.9188
2018-04-18 11:05,0.8855
2018-04-18 11:06,0.9393
2018-04-18 11:07,0.8148
2018-04-18 11:08,1.2184
2018-04-18 11:09,1.3544
2018-04-18 11:10,1.4862
2018-04-18 11:11,1.3426
2018-04-18 11:12,1.2482
2018-04-18 11:15,1.3677
2018-04-18 11:16,1.4313
2018-04-18 11:17,1.5965
2018-04-18 11:18,1.644
2018-04-18 11:19,1.6292
2018-04-18 11:20,1.6339
2018-04-18 11:21,1.6954
2018-04-18 11:22,1.5363
2018-04-18 11:23,1.5347
2018-04-18 11:24,1.3902
2018-04-18 11:25,1.3723
2018-04-18 11:27,1.2508
2018-04-18 11:28,1.2844
2018-04-18 11:29,1.2456
2018-04-18 11:30,1.2279
2018-04-18 11:31,1.1529
2018-04-18 11:32,1.267
2018-04-18 11:33,1.343
2018-04-18 11:35,1.199
2018-04-18 11:37,1.1281
2018-04-18 11:38,1.0035
2018-04-18 11:39,0.9136
2018-04-18 11:40,0.9903
2018-04-18 11:41,1.2087
2018-04-18 11:42,1.0898
2018-04-18 11:43,1.0089
2018-04-18 11:44,0.9804
2018-04-18 11:45,0.8954
2018-04-18 11:46,0.7818
2018-04-18 11:47,0.7176
2018-04-18 11:48,0.5501
2018-04-18 11:49,0.7016
2018-04-18 11:50,0.527
2018-04-18 11:51,0.5168
2018-04-18 11:52,0.5922
2018-04-18 11:53,0.6958
2018-04-18 11:55,0.7252
2018-04-18 11:56,0.6009
2018-04-18 11:57,0.2063
2018-04-18 11:58,0.103
2018-04-18 11:59,0.3288
2018-04-18 12:00,0.2582
2018-04-18 12:01,0.1875
2018-04-18 12:02,0.3282
2018-04-18 12:03,0.2623
2018-04-18 12:04,0.3181
2018-04-18 12:05,0.44
2018-04-18 12:06,0.4307
2018-04-18 12:07,0.4145
2018-04-18 12:08,0.3554
2018-04-18 12:09,0.5066
2018-04-18 12:10,0.4123
2018-04-18 12:11,0.4202
2018-04-18 12:12,0.4137
2018-04-18 12:13,0.3267
2018-04-18 12:14,0.2788
2018-04-18 12:15,0.2424
2018-04-18 12:16,0.2425
2018-04-18 12:17,0.2797
2018-04-18 12:19,0.4296
2018-04-18 12:20,0.3968
2018-04-18 12:21,0.4859
2018-04-18 12:22,0.5238
2018-04-18 12:23,0.6451
2018-04-18 12:24,0.6357
2018-04-18 12:25,0.7384
2018-04-18 12:26,0.6304
2018-04-18 12:27,0.495
2018-04-18 12:28,0.3919
2018-04-18 12:29,0.3451
2018-04-18 12:30,0.3641
2018-04-18 12:31,0.3639
2018-04-18 12:32,0.2704
2018-04-18 12:33,0.2703
2018-04-18 12:34,0.4012
2018-04-18 12:35,0.5092
2018-04-18 12:36,0.509
2018-04-18 12:37,0.3642
2018-04-18 12:38,0.2612
2018-04-18 12:39,0.195
2018-04-18 12:40,0.2472
2018-04-18 12:41,0.2427
2018-04-18 12:42,0.2988
2018-04-18 12:43,0.1773
2018-04-18 12:44,0.2378
2018-04-18 12:45,0.2054
2018-04-18 12:46,0.1354
2018-04-18 12:47,0.3176
2018-04-18 12:48,0.3271
2018-04-18 12:49,0.215
2018-04-18 12:50,0.3601
2018-04-18 12:51,0.3554
2018-04-18 12:52,0.44
2018-04-18 12:53,0.2431
2018-04-18 12:54,0.1869
2018-04-18 12:55,0.1027
2018-04-18 12:56,0.0986
2018-04-18 12:57,0.0793
2018-04-18 12:58,0.4212
2018-04-18 12:59,0.4258
2018-04-18 13:00,0.5712
2018-04-18 13:01,0.5544
2018-04-18 13:02,0.4679
2018-04-18 13:04,0.4766
2018-04-18 13:06,0.4391
2018-04-18 13:07,0.2611
2018-04-18 13:09,0.2424
2018-04-18 13:10,0.1725
2018-04-18 13:11,0.2026
2018-04-18 13:12,0.1295
2018-04-18 13:13,0.036
2018-04-18 13:14,0.0807
2018-04-18 13:16,-0.0372
2018-04-18 13:17,-0.0977
2018-04-18 13:20,-0.0698
2018-04-18 13:21,-0.093
2018-04-18 13:22,-0.0628
2018-04-18 13:23,-0.1861
2018-04-18 13:24,-0.1488
2018-04-18 13:25,-0.1674
2018-04-18 13:27,-0.1441
2018-04-18 13:28,-0.1674
2018-04-18 13:29,-0.121
2018-04-18 13:30,-0.2508
2018-04-18 13:31,-0.1987
2018-04-18 13:32,-0.3143
2018-04-18 13:33,-0.3852
2018-04-18 13:35,-0.1905
2018-04-18 13:36,-0.223
2018-04-18 13:38,-0.0651
2018-04-18 13:40,-0.0558
2018-04-18 13:41,-0.2138
2018-04-18 13:43,-0.186
2018-04-18 13:44,-0.2789
2018-04-18 13:45,-0.3346
2018-04-18 13:46,-0.33
2018-04-18 13:47,-0.2417
2018-04-18 13:49,-0.1303
2018-04-18 13:50,-0.1768
2018-04-18 13:52,-0.0884
2018-04-18 13:53,-0.1256
2018-04-18 13:54,-0.0698
2018-04-18 13:55,-0.0931
2018-04-18 13:57,-0.0512
2018-04-18 13:58,-0.1163
2018-04-18 13:59,-0.1584
2018-04-18 14:00,-0.1072
2018-04-18 14:01,-0.2497
2018-04-18 14:02,-0.177
2018-04-18 14:03,-0.0373
2018-04-18 14:04,-0.0186
2018-04-18 14:05,-0.028
2018-04-18 14:06,0.1212
2018-04-18 14:07,0.2654
2018-04-18 14:08,0.2238
2018-04-18 14:09,0.2961
2018-04-18 14:11,0.325
2018-04-18 14:12,0.3218
2018-04-18 14:13,0.3075
2018-04-18 14:14,0.3215
2018-04-18 14:15,0.2886
2018-04-18 14:16,0.3055
2018-04-18 14:17,0.2049
2018-04-18 14:19,0.0
2018-04-18 14:20,0.005
2018-04-18 14:22,0.0093
2018-04-18 14:23,0.0697
2018-04-18 14:24,0.0884
2018-04-18 14:25,-0.0931
2018-04-18 14:27,0.0102
2018-04-18 14:28,0.0512
2018-04-18 14:30,0.044
2018-04-18 14:31,0.0744
2018-04-18 14:32,0.1255
2018-04-18 14:33,0.1676
2018-04-18 14:34,0.1117
2018-04-18 14:35,0.1885
2018-04-18 14:36,0.3542
2018-04-18 14:37,0.1956
2018-04-18 14:38,0.1304
2018-04-18 14:39,0.1017
2018-04-18 14:40,0.0932
2018-04-18 14:41,0.0932
2018-04-18 14:42,0.0838
2018-04-18 14:43,0.0301
2018-04-18 14:44,-0.0663
2018-04-18 14:46,0.1118
2018-04-18 14:47,0.0698
2018-04-18 14:48,0.0466
2018-04-18 14:49,-0.0651
2018-04-18 14:50,0.0186
2018-04-18 14:51,0.1304
2018-04-18 14:52,0.1397
2018-04-18 14:53,0.1864
2018-04-18 14:54,0.2238
2018-04-18 14:55,0.3031
2018-04-18 14:56,0.2889
2018-04-18 14:57,0.1025
2018-04-18 14:58,0.2144
2018-04-18 14:59,0.1772
2018-04-18 15:00,0.0327
2018-04-18 15:01,0.0699
2018-04-18 15:02,-0.0466
2018-04-18 15:03,0.0047
2018-04-18 15:05,0.0839
2018-04-18 15:07,0.2146
2018-04-18 15:08,0.2986
2018-04-18 15:09,0.1552
2018-04-18 15:11,0.1027
2018-04-18 15:12,0.0467
2018-04-18 15:13,-0.0186
2018-04-18 15:14,0.0
2018-04-18 15:15,-0.2141
2018-04-18 15:16,-0.3196
2018-04-18 15:17,-0.2233
2018-04-18 15:18,-0.2673
2018-04-18 15:19,-0.2932
2018-04-18 15:20,-0.3161
2018-04-18 15:21,-0.446
2018-04-18 15:22,-0.5155
2018-04-18 15:23,-0.6127
2018-04-18 15:24,-0.5478
2018-04-18 15:25,-0.4834
2018-04-18 15:26,-0.4558
2018-04-18 15:27,-0.4608
2018-04-18 15:28,-0.5022
2018-04-18 15:29,-0.5901
2018-04-18 15:30,-0.4556
2018-04-18 15:31,-0.2981
2018-04-18 15:32,-0.3583
2018-04-18 15:33,-0.2837
2018-04-18 15:34,-0.327
2018-04-18 15:35,-0.3393
2018-04-18 15:36,-0.4414
2018-04-18 15:37,-0.4926
2018-04-18 15:38,-0.4276
2018-04-18 15:39,-0.5155
2018-04-18 15:40,-0.5109
2018-04-18 15:41,-0.5021
2018-04-18 15:42,-0.4838
2018-04-18 15:43,-0.3993
2018-04-18 15:45,-0.3164
2018-04-18 15:46,-0.2885
2018-04-18 15:47,-0.2978
2018-04-18 15:48,-0.2591
2018-04-18 15:49,-0.1863
2018-04-18 15:50,-0.3909
2018-04-18 15:51,-0.4583
2018-04-18 15:52,-0.4655
2018-04-18 15:53,-0.4561
2018-04-18 15:54,-0.4839
2018-04-18 15:55,-0.5303
2018-04-18 15:56,-0.5306
2018-04-18 15:57,-0.5675
2018-04-18 15:58,-0.642
2018-04-18 15:59,-0.7206
2018-04-18 16:00,-0.7712
2018-04-19 09:30,-1.2099
2018-04-19 09:31,-1.2185
2018-04-19 09:32,-0.7814
2018-04-19 09:33,-0.6661
2018-04-19 09:34,-0.4376
2018-04-19 09:35,-0.5501
2018-04-19 09:36,-0.6429
2018-04-19 09:37,-0.3539
2018-04-19 09:38,-0.2421
2018-04-19 09:39,-0.2512
2018-04-19 09:40,-0.0636
2018-04-19 09:41,-0.2517
2018-04-19 09:42,-0.1772
2018-04-19 09:43,-0.1492
2018-04-19 09:44,-0.1864
2018-04-19 09:45,-0.2985
2018-04-19 09:46,-0.3742
2018-04-19 09:47,-0.5596
2018-04-19 09:48,-0.5456
2018-04-19 09:49,-0.5529
2018-04-19 09:50,-0.457
2018-04-19 09:51,-0.4946
2018-04-19 09:52,-0.4528
2018-04-19 09:53,-0.1681
2018-04-19 09:54,-0.224
2018-04-19 09:55,-0.056
2018-04-19 09:56,-0.0093
2018-04-19 09:57,0.0093
2018-04-19 09:58,0.0187
2018-04-19 09:59,0.0654
2018-04-19 10:00,0.0934
2018-04-19 10:01,0.1121
2018-04-19 10:02,0.1821
2018-04-19 10:03,0.1959
2018-04-19 10:04,0.2404
2018-04-19 10:05,0.3591
2018-04-19 10:06,0.3269
2018-04-19 10:08,0.3362
2018-04-19 10:09,0.0093
2018-04-19 10:10,-0.1027
2018-04-19 10:11,-0.1307
2018-04-19 10:12,-0.1308
2018-04-19 10:13,0.0841
2018-04-19 10:14,-0.1401
2018-04-19 10:15,-0.0747
2018-04-19 10:16,-0.1449
2018-04-19 10:17,-0.028
2018-04-19 10:18,0.0093
2018-04-19 10:19,-0.0607
2018-04-19 10:20,-0.0561
2018-04-19 10:21,0.0257
2018-04-19 10:22,-0.2058
2018-04-19 10:23,-0.1616
2018-04-19 10:24,-0.3647
2018-04-19 10:25,-0.3835
2018-04-19 10:26,-0.3177
2018-04-19 10:27,-0.2994
2018-04-19 10:28,-0.3184
2018-04-19 10:29,-0.4963
2018-04-19 10:30,-0.4213
2018-04-19 10:31,-0.113
2018-04-19 10:32,-0.2448
2018-04-19 10:33,-0.586
2018-04-19 10:34,-0.4173
2018-04-19 10:35,-0.7482
2018-04-19 10:36,-0.4014
2018-04-19 10:37,-0.4173
2018-04-19 10:38,-0.8364
2018-04-19 10:39,-1.0079
2018-04-19 10:40,-0.8629
2018-04-19 10:41,-0.942
2018-04-19 10:43,-0.5701
2018-04-19 10:44,-0.7662
2018-04-19 10:45,-0.7749
2018-04-19 10:46,-0.7938
2018-04-19 10:47,-0.7018
2018-04-19 10:49,-0.5901
2018-04-19 10:50,-0.5159
2018-04-19 10:51,-0.3423
2018-04-19 10:52,-0.3177
2018-04-19 10:53,-0.5387
2018-04-19 10:54,-0.4033
2018-04-19 10:55,-0.4595
2018-04-19 10:56,-0.7953
2018-04-19 10:57,-0.8046
2018-04-19 10:58,-0.8973
2018-04-19 10:59,-0.8079
2018-04-19 11:00,-0.7755
2018-04-19 11:01,-0.7757
2018-04-19 11:02,-0.9248
2018-04-19 11:03,-1.0453
2018-04-19 11:04,-1.217
2018-04-19 11:05,-1.1747
2018-04-19 11:07,-1.4246
2018-04-19 11:08,-1.5681
2018-04-19 11:09,-1.71
2018-04-19 11:10,-1.5865
2018-04-19 11:11,-1.6569
2018-04-19 11:12,-1.3256
2018-04-19 11:13,-1.2898
2018-04-19 11:14,-1.3089
2018-04-19 11:15,-1.3474
2018-04-19 11:16,-1.4571
2018-04-19 11:17,-1.3468
2018-04-19 11:18,-1.3267
2018-04-19 11:19,-1.3085
2018-04-19 11:20,-1.391
2018-04-19 11:21,-1.5019
2018-04-19 11:22,-1.4518
2018-04-19 11:23,-1.1405
2018-04-19 11:24,-1.1542
2018-04-19 11:25,-0.7686
2018-04-19 11:26,-0.9807
2018-04-19 11:27,-0.6476
2018-04-19 11:29,-0.7033
2018-04-19 11:30,-0.7788
2018-04-19 11:31,-0.6664
2018-04-19 11:32,-0.5918
2018-04-19 11:33,-0.3953
2018-04-19 11:34,-0.5172
2018-04-19 11:35,-0.2264
2018-04-19 11:36,-0.1322
2018-04-19 11:37,-0.3253
2018-04-19 11:38,-0.3013
2018-04-19 11:40,-0.3486
2018-04-19 11:41,-0.5572
2018-04-19 11:42,-0.485
2018-04-19 11:43,-0.2874
2018-04-19 11:45,0.0047
2018-04-19 11:46,-0.2776
2018-04-19 11:49,-0.2166
2018-04-19 11:50,-0.3666
2018-04-19 11:51,-0.2072
2018-04-19 11:52,-0.2352
2018-04-19 11:53,-0.2257
2018-04-19 11:54,-0.0565
2018-04-19 11:55,-0.1131
2018-04-19 11:56,-0.0189
2018-04-19 11:58,0.0376
2018-04-19 11:59,-0.1234
2018-04-19 12:00,-0.0518
2018-04-19 12:01,-0.1413
2018-04-19 12:02,-0.1319
2018-04-19 12:03,-0.0076
2018-04-19 12:06,-0.0094
2018-04-19 12:07,-0.1037
2018-04-19 12:08,-0.1559
2018-04-19 12:10,-0.113
2018-04-19 12:11,-0.113
2018-04-19 12:12,-0.0308
2018-04-19 12:13,-0.0017
2018-04-19 12:15,0.2004
2018-04-19 12:16,0.0943
2018-04-19 12:17,0.1322
2018-04-19 12:18,0.3215
2018-04-19 12:21,0.4397
2018-04-19 12:22,0.5027
2018-04-19 12:23,0.691
2018-04-19 12:24,0.6812
2018-04-19 12:25,0.5918
2018-04-19 12:26,0.5305
2018-04-19 12:27,0.7981
2018-04-19 12:29,0.6635
2018-04-19 12:30,0.5688
2018-04-19 12:31,0.5018
2018-04-19 12:35,0.5446
2018-04-19 12:36,0.4394
2018-04-19 12:37,0.3883
2018-04-19 12:38,0.4263
2018-04-19 12:39,0.3688
2018-04-19 12:41,0.3498
2018-04-19 12:44,0.2267
2018-04-19 12:45,0.3689
2018-04-19 12:46,0.2362
2018-04-19 12:47,0.4435
2018-04-19 12:48,0.5059
2018-04-19 12:49,0.6141
2018-04-19 12:50,0.5859
2018-04-19 12:51,0.6425
2018-04-19 12:52,0.6711
2018-04-19 12:53,0.5483
2018-04-19 12:55,0.5151
2018-04-19 12:56,0.5866
2018-04-19 12:57,0.3683
2018-04-19 12:58,0.539
2018-04-19 12:59,0.6295
2018-04-19 13:00,0.5678
2018-04-19 13:01,0.3686
2018-04-19 13:02,0.1045
2018-04-19 13:03,0.3303
2018-04-19 13:04,0.3019
2018-04-19 13:05,0.2566
2018-04-19 13:06,0.2548
2018-04-19 13:07,0.1886
2018-04-19 13:09,0.2357
2018-04-19 13:10,0.099
2018-04-19 13:11,0.1283
2018-04-19 13:12,0.1509
2018-04-19 13:13,-0.1505
2018-04-19 13:14,0.0659
2018-04-19 13:15,0.1508
2018-04-19 13:16,0.2829
2018-04-19 13:17,0.283
2018-04-19 13:18,0.2635
2018-04-19 13:19,0.2924
2018-04-19 13:20,0.3776
2018-04-19 13:21,0.3208
2018-04-19 13:22,0.2027
2018-04-19 13:24,0.2169
2018-04-19 13:25,0.3138
2018-04-19 13:26,0.2789
2018-04-19 13:27,0.2329
2018-04-19 13:28,0.2356
2018-04-19 13:29,0.3113
2018-04-19 13:30,0.1225
2018-04-19 13:31,0.0141
2018-04-19 13:32,0.0451
2018-04-19 13:33,-0.1128
2018-04-19 13:34,-0.1222
2018-04-19 13:35,-0.0047
2018-04-19 13:36,0.113
2018-04-19 13:37,-0.086
2018-04-19 13:38,0.0
2018-04-19 13:39,0.198
2018-04-19 13:40,0.1225
2018-04-19 13:41,0.1225
2018-04-19 13:42,0.208
2018-04-19 13:43,0.217
2018-04-19 13:44,0.3302
2018-04-19 13:45,0.2073
2018-04-19 13:46,0.222
2018-04-19 13:47,0.2073
2018-04-19 13:48,0.1979
2018-04-19 13:49,0.1319
2018-04-19 13:50,0.0753
2018-04-19 13:51,0.0329
2018-04-19 13:52,-0.0939
2018-04-19 13:53,-0.0939
2018-04-19 13:54,-0.1555
2018-04-19 13:55,-0.1596
2018-04-19 13:56,-0.0846
2018-04-19 13:57,-0.0564
2018-04-19 13:58,-0.2257
2018-04-19 13:59,-0.0565
2018-04-19 14:00,-0.047
2018-04-19 14:01,0.0329
2018-04-19 14:02,0.0706
2018-04-19 14:03,0.1437
2018-04-19 14:04,0.131
2018-04-19 14:05,-0.0534
2018-04-19 14:06,-0.0188
2018-04-19 14:07,0.0028
2018-04-19 14:08,0.0376
2018-04-19 14:09,0.0377
2018-04-19 14:10,0.0565
2018-04-19 14:11,0.0989
2018-04-19 14:12,0.098
2018-04-19 14:13,0.0377
2018-04-19 14:14,0.113
2018-04-19 14:15,0.0339
2018-04-19 14:16,0.0282
2018-04-19 14:17,-0.0564
2018-04-19 14:18,-0.047
2018-04-19 14:19,-0.0859
2018-04-19 14:20,-0.1599
2018-04-19 14:21,-0.1975
2018-04-19 14:22,-0.1834
2018-04-19 14:24,-0.1364
2018-04-19 14:25,-0.1317
2018-04-19 14:26,-0.1786
2018-04-19 14:27,-0.173
2018-04-19 14:28,-0.1458
2018-04-19 14:30,-0.1787
2018-04-19 14:32,-0.1505
2018-04-19 14:33,0.0188
2018-04-19 14:34,0.1035
2018-04-19 14:35,0.0517
2018-04-19 14:36,0.0188
2018-04-19 14:37,0.0094
2018-04-19 14:38,0.0565
2018-04-19 14:39,-0.0187
2018-04-19 14:40,0.0188
2018-04-19 14:41,-0.0847
2018-04-19 14:42,-0.1317
2018-04-19 14:43,-0.0941
2018-04-19 14:44,-0.0094
2018-04-19 14:45,-0.1456
2018-04-19 14:46,0.0045
2018-04-19 14:47,-0.2069
2018-04-19 14:48,-0.188
2018-04-19 14:49,-0.2309
2018-04-19 14:50,-0.1674
2018-04-19 14:51,-0.1599
2018-04-19 14:52,0.0141
2018-04-19 14:53,0.0
2018-04-19 14:54,-0.0611
2018-04-19 14:55,-0.1504
2018-04-19 14:56,-0.0658
2018-04-19 14:57,-0.0229
2018-04-19 14:58,-0.1411
2018-04-19 14:59,-0.1317
2018-04-19 15:00,-0.0235
2018-04-19 15:01,0.0189
2018-04-19 15:02,-0.1083
2018-04-19 15:03,-0.1129
2018-04-19 15:04,-0.1777
2018-04-19 15:05,-0.1458
2018-04-19 15:06,-0.2375
2018-04-19 15:07,-0.1204
2018-04-19 15:08,-0.0595
2018-04-19 15:09,-0.0282
2018-04-19 15:10,-0.0329
2018-04-19 15:11,-0.1411
2018-04-19 15:12,-0.1788
2018-04-19 15:13,-0.2117
2018-04-19 15:14,-0.0847
2018-04-19 15:15,-0.1129
2018-04-19 15:16,-0.1788
2018-04-19 15:17,-0.2164
2018-04-19 15:18,-0.2785
2018-04-19 15:19,-0.2634
2018-04-19 15:20,-0.207
2018-04-19 15:21,-0.1976
2018-04-19 15:22,-0.1601
2018-04-19 15:23,-0.0848
2018-04-19 15:24,-0.0942
2018-04-19 15:25,-0.1084
2018-04-19 15:26,-0.1931
2018-04-19 15:27,-0.1884
2018-04-19 15:28,-0.3202
2018-04-19 15:29,-0.2921
2018-04-19 15:30,-0.3768
2018-04-19 15:31,-0.3674
2018-04-19 15:32,-0.3767
2018-04-19 15:33,-0.4329
2018-04-19 15:34,-0.5454
2018-04-19 15:35,-0.4231
2018-04-19 15:36,-0.1694
2018-04-19 15:37,-0.0659
2018-04-19 15:38,-0.1411
2018-04-19 15:39,-0.0377
2018-04-19 15:40,0.0565
2018-04-19 15:41,0.1885
2018-04-19 15:42,0.1696
2018-04-19 15:43,0.1413
2018-04-19 15:44,-0.0094
2018-04-19 15:45,0.0942
2018-04-19 15:46,-0.0233
2018-04-19 15:47,0.0565
2018-04-19 15:48,0.0188
2018-04-19 15:49,0.0471
2018-04-19 15:50,0.0122
2018-04-19 15:51,-0.0471
2018-04-19 15:52,-0.1741
2018-04-19 15:53,-0.2446
2018-04-19 15:54,-0.2306
2018-04-19 15:55,-0.2542
2018-04-19 15:56,-0.3012
2018-04-19 15:57,-0.3786
2018-04-19 15:58,-0.3108
2018-04-19 15:59,-0.2732
2018-04-19 16:00,-0.3294
2018-04-20 09:30,-0.311
2018-04-20 09:31,-0.5561
2018-04-20 09:32,-0.3721
2018-04-20 09:33,-0.3307
2018-04-20 09:34,-0.2825
2018-04-20 09:35,-0.377
2018-04-20 09:36,-0.6469
2018-04-20 09:37,-0.5461
2018-04-20 09:38,-0.7671
2018-04-20 09:39,-0.5648
2018-04-20 09:40,-0.5559
2018-04-20 09:41,-0.1838
2018-04-20 09:42,-0.0801
2018-04-20 09:43,-0.1695
2018-04-20 09:44,-0.1507
2018-04-20 09:45,-0.2781
2018-04-20 09:46,-0.2876
2018-04-20 09:47,-0.1604
2018-04-20 09:48,-0.2075
2018-04-20 09:50,-0.0939
2018-04-20 09:51,-0.0566
2018-04-20 09:52,-0.1886
2018-04-20 09:53,-0.1603
2018-04-20 09:54,-0.2514
2018-04-20 09:55,-0.349
2018-04-20 09:56,-0.3256
2018-04-20 09:57,-0.3115
2018-04-20 09:58,-0.0661
2018-04-20 09:59,-0.1606
2018-04-20 10:00,0.0
2018-04-20 10:01,-0.0945
2018-04-20 10:02,0.0189
2018-04-20 10:03,-0.2174
2018-04-20 10:04,-0.2647
2018-04-20 10:05,-0.3116
2018-04-20 10:06,-0.4618
2018-04-20 10:07,-0.5507
2018-04-20 10:08,-0.424
2018-04-20 10:09,-0.4144
2018-04-20 10:10,-0.4894
2018-04-20 10:11,-0.5879
2018-04-20 10:12,-0.6301
2018-04-20 10:13,-0.4891
2018-04-20 10:14,-0.4235
2018-04-20 10:15,-0.4329
2018-04-20 10:16,-0.386
2018-04-20 10:17,-0.3861
2018-04-20 10:18,-0.3438
2018-04-20 10:19,-0.1507
2018-04-20 10:20,-0.1837
2018-04-20 10:21,-0.1387
2018-04-20 10:22,-0.1933
2018-04-20 10:23,-0.0849
2018-04-20 10:24,-0.1132
2018-04-20 10:25,-0.0283
2018-04-20 10:26,0.0
2018-04-20 10:27,0.0307
2018-04-20 10:28,0.1511
2018-04-20 10:29,0.1512
2018-04-20 10:30,0.1141
2018-04-20 10:31,0.0473
2018-04-20 10:32,0.308
2018-04-20 10:33,0.1437
2018-04-20 10:34,0.104
2018-04-20 10:35,-0.0094
2018-04-20 10:36,0.123
2018-04-20 10:37,0.2747
2018-04-20 10:38,0.3976
2018-04-20 10:39,0.5928
2018-04-20 10:40,0.4402
2018-04-20 10:41,0.5021
2018-04-20 10:42,0.1322
2018-04-20 10:43,-0.0566
2018-04-20 10:44,-0.0943
2018-04-20 10:45,-0.0566
2018-04-20 10:46,0.2222
2018-04-20 10:47,0.2033
2018-04-20 10:48,0.2646
2018-04-20 10:49,0.1701
2018-04-20 10:50,-0.0759
2018-04-20 10:51,-0.2453
2018-04-20 10:52,-0.0472
2018-04-20 10:53,-0.2361
2018-04-20 10:54,-0.0411
2018-04-20 10:55,0.1089
2018-04-20 10:56,0.2462
2018-04-20 10:57,0.1988
2018-04-20 10:58,0.0567
2018-04-20 11:00,0.123
2018-04-20 11:01,-0.0473
2018-04-20 11:02,0.0095
2018-04-20 11:03,-0.1701
2018-04-20 11:04,-0.0805
2018-04-20 11:05,0.019
2018-04-20 11:06,-0.2084
2018-04-20 11:07,-0.2367
2018-04-20 11:08,-0.2319
2018-04-20 11:09,-0.369
2018-04-20 11:10,-0.4823
2018-04-20 11:11,-0.8322
2018-04-20 11:12,-0.8658
2018-04-20 11:13,-0.8613
2018-04-20 11:14,-1.1342
2018-04-20 11:15,-1.257
2018-04-20 11:16,-1.2571
2018-04-20 11:17,-1.2287
2018-04-20 11:18,-0.9737
2018-04-20 11:19,-0.8175
2018-04-20 11:20,-1.2073
2018-04-20 11:21,-1.1041
2018-04-20 11:22,-0.9841
2018-04-20 11:23,-1.0059
2018-04-20 11:24,-1.2081
2018-04-20 11:25,-1.2277
2018-04-20 11:26,-1.1611
2018-04-20 11:27,-1.2835
2018-04-20 11:28,-1.4063
2018-04-20 11:29,-1.4478
2018-04-20 11:30,-1.4961
2018-04-20 11:31,-1.5286
2018-04-20 11:32,-1.3419
2018-04-20 11:33,-1.2662
2018-04-20 11:34,-1.3284
2018-04-20 11:35,-1.1236
2018-04-20 11:36,-0.85
2018-04-20 11:37,-1.0489
2018-04-20 11:38,-0.8977
2018-04-20 11:39,-1.0278
2018-04-20 11:40,-0.9146
2018-04-20 11:41,-0.9472
2018-04-20 11:42,-0.9521
2018-04-20 11:43,-0.797
2018-04-20 11:44,-0.7835
2018-04-20 11:45,-0.8593
2018-04-20 11:46,-0.8686
2018-04-20 11:47,-0.9906
2018-04-20 11:48,-0.9815
2018-04-20 11:49,-1.1122
2018-04-20 11:50,-0.9908
2018-04-20 11:51,-0.8689
2018-04-20 11:52,-0.7189
2018-04-20 11:53,-0.7846
2018-04-20 11:54,-0.6626
2018-04-20 11:55,-0.7048
2018-04-20 11:56,-0.799
2018-04-20 11:57,-0.8218
2018-04-20 11:58,-0.7655
2018-04-20 11:59,-0.6832
2018-04-20 12:00,-0.6239
2018-04-20 12:01,-0.6622
2018-04-20 12:03,-0.6241
2018-04-20 12:04,-0.5302
2018-04-20 12:05,-0.3745
2018-04-20 12:06,-0.3282
2018-04-20 12:08,-0.0854
2018-04-20 12:09,-0.0854
2018-04-20 12:11,-0.1992
2018-04-20 12:12,-0.0782
2018-04-20 12:13,-0.0855
2018-04-20 12:14,0.1717
2018-04-20 12:15,0.1718
2018-04-20 12:16,0.1909
2018-04-20 12:17,0.4111
2018-04-20 12:18,0.5073
2018-04-20 12:19,0.4307
2018-04-20 12:20,0.4019
2018-04-20 12:21,0.0764
2018-04-20 12:22,-0.1525
2018-04-20 12:23,0.1719
2018-04-20 12:24,0.2245
2018-04-20 12:25,0.0381
2018-04-20 12:26,0.1574
2018-04-20 12:27,0.363
2018-04-20 12:28,0.545
2018-04-20 12:29,0.4011
2018-04-20 12:30,0.5163
2018-04-20 12:31,0.5265
2018-04-20 12:32,0.579
2018-04-20 12:33,0.6474
2018-04-20 12:34,0.5842
2018-04-20 12:35,0.6513
2018-04-20 12:36,0.5981
2018-04-20 12:37,0.6124
2018-04-20 12:38,0.3581
2018-04-20 12:39,0.1334
2018-04-20 12:40,0.2674
2018-04-20 12:41,0.1526
2018-04-20 12:42,0.0476
2018-04-20 12:43,-0.0666
2018-04-20 12:44,-0.1618
2018-04-20 12:45,-0.2046
2018-04-20 12:46,-0.4421
2018-04-20 12:48,-0.3901
2018-04-20 12:49,-0.3715
2018-04-20 12:50,-0.5238
2018-04-20 12:51,-0.424
2018-04-20 12:52,-0.2574
2018-04-20 12:53,-0.2117
2018-04-20 12:54,-0.2451
2018-04-20 12:55,-0.2001
2018-04-20 12:56,-0.2287
2018-04-20 12:57,-0.3525
2018-04-20 12:58,-0.3431
2018-04-20 12:59,-0.3287
2018-04-20 13:00,-0.2764
2018-04-20 13:01,-0.3334
2018-04-20 13:02,-0.3904
2018-04-20 13:03,-0.6632
2018-04-20 13:04,-0.7077
2018-04-20 13:05,-0.5999
2018-04-20 13:06,-0.5092
2018-04-20 13:07,-0.5235
2018-04-20 13:08,-0.6185
2018-04-20 13:09,-0.5836
2018-04-20 13:10,-0.7315
2018-04-20 13:11,-0.646
2018-04-20 13:12,-0.5324
2018-04-20 13:13,-0.4825
2018-04-20 13:14,-0.3709
2018-04-20 13:15,-0.3427
2018-04-20 13:16,-0.3811
2018-04-20 13:18,-0.2954
2018-04-20 13:19,-0.3428
2018-04-20 13:20,-0.3238
2018-04-20 13:21,-0.2764
2018-04-20 13:22,-0.2955
2018-04-20 13:23,-0.2528
2018-04-20 13:24,-0.2004
2018-04-20 13:25,-0.3172
2018-04-20 13:26,-0.443
2018-04-20 13:27,-0.3811
2018-04-20 13:28,-0.3286
2018-04-20 13:29,-0.4379
2018-04-20 13:30,-0.5801
2018-04-20 13:31,-0.4138
2018-04-20 13:32,-0.39
2018-04-20 13:33,-0.3333
2018-04-20 13:35,-0.5043
2018-04-20 13:36,-0.5233
2018-04-20 13:37,-0.3994
2018-04-20 13:38,-0.4663
2018-04-20 13:39,-0.4329
2018-04-20 13:40,-0.3994
2018-04-20 13:41,-0.3378
2018-04-20 13:42,-0.3615
2018-04-20 13:44,-0.2286
2018-04-20 13:45,-0.2
2018-04-20 13:46,-0.2952
2018-04-20 13:47,-0.3333
2018-04-20 13:48,-0.3145
2018-04-20 13:49,-0.273
2018-04-20 13:51,-0.1576
2018-04-20 13:52,-0.1337
2018-04-20 13:53,0.0
2018-04-20 13:54,0.1915
2018-04-20 13:55,0.2153
2018-04-20 13:57,0.0574
2018-04-20 13:59,-0.0458
2018-04-20 14:00,0.026
2018-04-20 14:01,-0.105
2018-04-20 14:02,-0.1528
2018-04-20 14:03,0.0478
2018-04-20 14:05,0.0765
2018-04-20 14:06,0.0717
2018-04-20 14:07,0.0
2018-04-20 14:09,0.0
2018-04-20 14:10,0.0574
2018-04-20 14:11,0.2155
2018-04-20 14:12,0.2337
2018-04-20 14:13,0.2937
2018-04-20 14:14,0.2435
2018-04-20 14:15,0.1627
2018-04-20 14:17,0.1245
2018-04-20 14:18,0.0765
2018-04-20 14:19,0.0794
2018-04-20 14:20,0.0139
2018-04-20 14:21,-0.0669
2018-04-20 14:22,-0.0382
2018-04-20 14:23,-0.1241
2018-04-20 14:24,-0.0764
2018-04-20 14:25,0.0645
2018-04-20 14:26,-0.0955
2018-04-20 14:27,-0.1318
2018-04-20 14:28,-0.1338
2018-04-20 14:29,-0.086
2018-04-20 14:30,-0.0478
2018-04-20 14:31,-0.0335
2018-04-20 14:32,-0.0669
2018-04-20 14:33,-0.1216
2018-04-20 14:34,-0.2104
2018-04-20 14:35,-0.1435
2018-04-20 14:36,-0.2485
2018-04-20 14:37,-0.239
2018-04-20 14:38,-0.1435
2018-04-20 14:39,-0.2914
2018-04-20 14:40,-0.3294
2018-04-20 14:41,-0.3058
2018-04-20 14:42,-0.2487
2018-04-20 14:43,-0.1397
2018-04-20 14:44,-0.2586
2018-04-20 14:45,-0.2582
2018-04-20 14:46,-0.3535
2018-04-20 14:47,-0.4297
2018-04-20 14:48,-0.3914
2018-04-20 14:50,-0.5156
2018-04-20 14:51,-0.4773
2018-04-20 14:52,-0.5153
2018-04-20 14:53,-0.468
2018-04-20 14:54,-0.4204
2018-04-20 14:55,-0.3824
2018-04-20 14:56,-0.2531
2018-04-20 14:57,-0.22
2018-04-20 14:58,-0.0861
2018-04-20 14:59,0.0478
2018-04-20 15:00,-0.0245
2018-04-20 15:01,-0.2674
2018-04-20 15:02,-0.2579
2018-04-20 15:03,-0.2293
2018-04-20 15:04,-0.2674
2018-04-20 15:05,-0.2819
2018-04-20 15:06,-0.2774
2018-04-20 15:07,-0.5089
2018-04-20 15:08,-0.5492
2018-04-20 15:09,-0.6066
2018-04-20 15:10,-0.6595
2018-04-20 15:11,-0.669
2018-04-20 15:12,-0.5781
2018-04-20 15:13,-0.54
2018-04-20 15:14,-0.5065
2018-04-20 15:15,-0.5556
2018-04-20 15:16,-0.5633
2018-04-20 15:17,-0.5923
2018-04-20 15:18,-0.4067
2018-04-20 15:19,-0.5161
2018-04-20 15:20,-0.5114
2018-04-20 15:21,-0.4058
2018-04-20 15:22,-0.4208
2018-04-20 15:23,-0.5494
2018-04-20 15:24,-0.4684
2018-04-20 15:25,-0.4876
2018-04-20 15:26,-0.3799
2018-04-20 15:27,-0.3636
2018-04-20 15:28,-0.3367
2018-04-20 15:29,-0.2775
2018-04-20 15:30,-0.3348
2018-04-20 15:31,-0.3634
2018-04-20 15:32,-0.3157
2018-04-20 15:33,-0.3349
2018-04-20 15:34,-0.2843
2018-04-20 15:35,-0.1965
2018-04-20 15:36,-0.2873
2018-04-20 15:37,-0.2204
2018-04-20 15:38,-0.1533
2018-04-20 15:39,-0.2203
2018-04-20 15:40,-0.1341
2018-04-20 15:41,-0.1102
2018-04-20 15:42,0.0192
2018-04-20 15:43,0.0
2018-04-20 15:44,-0.1474
2018-04-20 15:45,-0.0958
2018-04-20 15:46,-0.1342
2018-04-20 15:47,-0.0863
2018-04-20 15:48,-0.0767
2018-04-20 15:49,-0.0671
2018-04-20 15:50,0.2879
2018-04-20 15:51,0.1055
2018-04-20 15:52,-0.0097
2018-04-20 15:53,0.096
2018-04-20 15:54,0.1055
2018-04-20 15:55,0.1822
2018-04-20 15:56,0.14
2018-04-20 15:57,0.0575
2018-04-20 15:58,-0.0766
2018-04-20 15:59,-0.2676
2018-04-20 16:00,-0.1285
2018-04-23 09:30,0.5553
2018-04-23 09:31,0.7277
2018-04-23 09:32,0.6145
2018-04-23 09:33,0.5171
2018-04-23 09:34,0.5192
2018-04-23 09:35,0.6142
2018-04-23 09:36,0.6748
2018-04-23 09:37,0.8789
2018-04-23 09:38,1.0284
2018-04-23 09:39,1.1835
2018-04-23 09:40,1.2602
2018-04-23 09:41,1.2925
2018-04-23 09:42,1.4223
2018-04-23 09:43,1.489
2018-04-23 09:44,1.1431
2018-04-23 09:45,1.2842
2018-04-23 09:46,1.1628
2018-04-23 09:47,1.1861
2018-04-23 09:49,1.1432
2018-04-23 09:50,1.0013
2018-04-23 09:51,0.6009
2018-04-23 09:52,0.6579
2018-04-23 09:53,0.5285
2018-04-23 09:54,0.2594
2018-04-23 09:55,0.3843
2018-04-23 09:57,0.3934
2018-04-23 09:58,0.5951
2018-04-23 09:59,0.7343
2018-04-23 10:00,0.8443
2018-04-23 10:01,1.0366
2018-04-23 10:02,0.7967
2018-04-23 10:03,0.7102
2018-04-23 10:04,0.6624
2018-04-23 10:05,0.5539
2018-04-23 10:06,0.5809
2018-04-23 10:07,0.8068
2018-04-23 10:08,0.7298
2018-04-23 10:09,0.5279
2018-04-23 10:10,0.5856
2018-04-23 10:11,0.6907
2018-04-23 10:12,0.7769
2018-04-23 10:13,0.6803
2018-04-23 10:14,0.6711
2018-04-23 10:15,0.7194
2018-04-23 10:16,0.734
2018-04-23 10:17,0.7391
2018-04-23 10:18,0.7294
2018-04-23 10:19,0.6238
2018-04-23 10:20,0.6522
2018-04-23 10:21,0.4402
2018-04-23 10:22,0.9006
2018-04-23 10:23,1.1991
2018-04-23 10:24,1.2233
2018-04-23 10:25,1.3561
2018-04-23 10:26,1.3221
2018-04-23 10:27,1.1872
2018-04-23 10:28,1.2478
2018-04-23 10:29,1.2934
2018-04-23 10:30,1.2264
2018-04-23 10:31,1.0719
2018-04-23 10:32,0.5237
2018-04-23 10:33,0.2281
2018-04-23 10:34,0.5506
2018-04-23 10:35,0.7622
2018-04-23 10:36,0.6514
2018-04-23 10:37,0.5858
2018-04-23 10:38,0.6393
2018-04-23 10:39,0.3905
2018-04-23 10:40,0.2759
2018-04-23 10:41,0.2187
2018-04-23 10:42,-0.0189
2018-04-23 10:43,-0.1612
2018-04-23 10:44,-0.3316
2018-04-23 10:45,-0.3975
2018-04-23 10:46,-0.0237
2018-04-23 10:47,-0.0355
2018-04-23 10:48,0.247
2018-04-23 10:49,0.1234
2018-04-23 10:50,0.2945
2018-04-23 10:51,0.5709
2018-04-23 10:52,0.8005
2018-04-23 10:53,0.9112
2018-04-23 10:54,1.0658
2018-04-23 10:55,1.2499
2018-04-23 10:56,1.091
2018-04-23 10:57,0.9366
2018-04-23 10:58,0.8065
2018-04-23 10:59,0.4717
2018-04-23 11:00,0.39
2018-04-23 11:01,0.209
2018-04-23 11:02,0.6285
2018-04-23 11:03,0.8481
2018-04-23 11:04,1.1253
2018-04-23 11:05,1.4894
2018-04-23 11:06,1.5179
2018-04-23 11:07,1.2387
2018-04-23 11:08,1.3155
2018-04-23 11:09,1.3845
2018-04-23 11:10,1.5175
2018-04-23 11:12,1.2767
2018-04-23 11:13,1.1897
2018-04-23 11:14,1.2278
2018-04-23 11:15,1.2668
2018-04-23 11:16,1.4286
2018-04-23 11:17,1.4572
2018-04-23 11:18,1.415
2018-04-23 11:19,1.3815
2018-04-23 11:20,1.4783
2018-04-23 11:21,1.4675
2018-04-23 11:22,1.4482
2018-04-23 11:23,1.1063
2018-04-23 11:24,0.9194
2018-04-23 11:25,0.7567
2018-04-23 11:26,0.4586
2018-04-23 11:27,0.3687
2018-04-23 11:28,0.3785
2018-04-23 11:29,0.3572
2018-04-23 11:30,0.279
2018-04-23 11:31,0.4049
2018-04-23 11:32,0.464
2018-04-23 11:33,0.3504
2018-04-23 11:34,0.5216
2018-04-23 11:35,0.2556
2018-04-23 11:36,0.1891
2018-04-23 11:37,0.2747
2018-04-23 11:38,0.3547
2018-04-23 11:40,0.256
2018-04-23 11:41,0.3984
2018-04-23 11:42,0.3802
2018-04-23 11:43,0.3036
2018-04-23 11:44,0.4561
2018-04-23 11:45,0.4609
2018-04-23 11:46,0.4278
2018-04-23 11:47,0.3991
2018-04-23 11:48,0.2945
2018-04-23 11:49,0.1612
2018-04-23 11:50,0.0894
2018-04-23 11:51,-0.1043
2018-04-23 11:53,-0.0758
2018-04-23 11:54,-0.0473
2018-04-23 11:55,-0.0615
2018-04-23 11:56,-0.0095
2018-04-23 11:57,-0.1043
2018-04-23 11:58,-0.1183
2018-04-23 11:59,0.0
2018-04-23 12:00,0.1373
2018-04-23 12:01,0.1846
2018-04-23 12:03,0.2845
2018-04-23 12:05,0.1042
2018-04-23 12:06,0.0948
2018-04-23 12:07,-0.0284
2018-04-23 12:08,-0.4058
2018-04-23 12:09,-0.5281
2018-04-23 12:10,-0.7056
2018-04-23 12:11,-0.7053
2018-04-23 12:12,-0.5647
2018-04-23 12:13,-0.7433
2018-04-23 12:14,-0.6687
2018-04-23 12:15,-0.9401
2018-04-23 12:16,-0.8184
2018-04-23 12:17,-0.9217
2018-04-23 12:18,-0.9402
2018-04-23 12:19,-0.95
2018-04-23 12:20,-1.2958
2018-04-23 12:21,-1.3659
2018-04-23 12:22,-1.1228
2018-04-23 12:23,-1.2123
2018-04-23 12:24,-1.0433
2018-04-23 12:25,-1.2957
2018-04-23 12:26,-1.3805
2018-04-23 12:27,-1.3008
2018-04-23 12:28,-1.3149
2018-04-23 12:29,-1.1996
2018-04-23 12:30,-1.1201
2018-04-23 12:31,-1.0268
2018-04-23 12:32,-1.0274
2018-04-23 12:33,-0.99
2018-04-23 12:34,-1.0705
2018-04-23 12:35,-1.0066
2018-04-23 12:36,-1.2158
2018-04-23 12:37,-1.0193
2018-04-23 12:38,-0.9812
2018-04-23 12:39,-0.8687
2018-04-23 12:40,-0.8871
2018-04-23 12:42,-0.888
2018-04-23 12:43,-1.0003
2018-04-23 12:44,-0.8463
2018-04-23 12:45,-0.9638
2018-04-23 12:46,-1.0784
2018-04-23 12:47,-0.946
2018-04-23 12:48,-1.0879
2018-04-23 12:49,-0.9696
2018-04-23 12:50,-0.975
2018-04-23 12:51,-0.8329
2018-04-23 12:52,-0.7482
2018-04-23 12:53,-0.8237
2018-04-23 12:54,-0.8372
2018-04-23 12:55,-0.5693
2018-04-23 12:56,-0.6871
2018-04-23 12:57,-0.7194
2018-04-23 12:58,-0.7246
2018-04-23 12:59,-0.7526
2018-04-23 13:00,-0.7761
2018-04-23 13:01,-0.5598
2018-04-23 13:04,-0.6627
2018-04-23 13:05,-0.7801
2018-04-23 13:07,-0.7938
2018-04-23 13:08,-0.6762
2018-04-23 13:09,-0.5856
2018-04-23 13:10,-0.4925
2018-04-23 13:11,-0.4544
2018-04-23 13:12,-0.1902
2018-04-23 13:13,-0.2655
2018-04-23 13:14,-0.2653
2018-04-23 13:15,-0.3978
2018-04-23 13:16,-0.6247
2018-04-23 13:17,-0.455
2018-04-23 13:18,-0.7016
2018-04-23 13:19,-0.4982
2018-04-23 13:21,-0.4173
2018-04-23 13:24,-0.2468
2018-04-23 13:25,-0.175
2018-04-23 13:26,-0.2421
2018-04-23 13:27,-0.1617
2018-04-23 13:28,-0.2522
2018-04-23 13:29,-0.3896
2018-04-23 13:30,-0.2093
2018-04-23 13:31,-0.4368
2018-04-23 13:32,-0.2286
2018-04-23 13:33,-0.1238
2018-04-23 13:35,-0.2474
2018-04-23 13:37,-0.1237
2018-04-23 13:38,-0.1606
2018-04-23 13:39,-0.0333
2018-04-23 13:40,-0.1237
2018-04-23 13:41,-0.1619
2018-04-23 13:42,-0.1048
2018-04-23 13:44,-0.1192
2018-04-23 13:45,-0.3428
2018-04-23 13:46,-0.0096
2018-04-23 13:48,0.038
2018-04-23 13:49,-0.0286
2018-04-23 13:50,-0.0572
2018-04-23 13:51,0.0286
2018-04-23 13:52,0.143
2018-04-23 13:53,0.1622
2018-04-23 13:54,0.2337
2018-04-23 13:55,0.2385
2018-04-23 13:56,0.4207
2018-04-23 13:57,0.4489
2018-04-23 13:58,0.5436
2018-04-23 13:59,0.4489
2018-04-23 14:00,0.5735
2018-04-23 14:01,0.3007
2018-04-23 14:02,0.2481
2018-04-23 14:03,0.2864
2018-04-23 14:04,0.2291
2018-04-23 14:05,0.0763
2018-04-23 14:06,0.0907
2018-04-23 14:07,-0.0572
2018-04-23 14:08,-0.0048
2018-04-23 14:09,-0.2802
2018-04-23 14:10,-0.1383
2018-04-23 14:11,-0.1324
2018-04-23 14:12,-0.0715
2018-04-23 14:13,-0.1001
2018-04-23 14:14,-0.2477
2018-04-23 14:15,-0.2761
2018-04-23 14:16,-0.1538
2018-04-23 14:17,-0.1808
2018-04-23 14:18,-0.3994
2018-04-23 14:19,-0.1996
2018-04-23 14:20,-0.1712
2018-04-23 14:21,-0.3325
2018-04-23 14:22,-0.2234
2018-04-23 14:23,-0.0286
2018-04-23 14:24,-0.1048
2018-04-23 14:25,0.1146
2018-04-23 14:26,0.0334
2018-04-23 14:27,-0.0905
2018-04-23 14:28,-0.1713
2018-04-23 14:29,-0.2051
2018-04-23 14:30,-0.0999
2018-04-23 14:31,-0.0476
2018-04-23 14:32,0.1574
2018-04-23 14:33,0.1526
2018-04-23 14:34,0.1143
2018-04-23 14:35,0.0763
2018-04-23 14:36,0.1287
2018-04-23 14:37,-0.0191
2018-04-23 14:38,-0.0191
2018-04-23 14:39,-0.0858
2018-04-23 14:40,-0.0905
2018-04-23 14:41,-0.0334
2018-04-23 14:42,-0.0191
2018-04-23 14:43,-0.0191
2018-04-23 14:44,0.0095
2018-04-23 14:45,0.1193
2018-04-23 14:46,0.2676
2018-04-23 14:47,0.0764
2018-04-23 14:48,-0.0762
2018-04-23 14:49,-0.0667
2018-04-23 14:51,-0.1525
2018-04-23 14:52,-0.2856
2018-04-23 14:53,-0.3236
2018-04-23 14:54,-0.3333
2018-04-23 14:55,-0.5568
2018-04-23 14:56,-0.4569
2018-04-23 14:57,-0.4995
2018-04-23 14:58,-0.5419
2018-04-23 14:59,-0.4456
2018-04-23 15:00,-0.5135
2018-04-23 15:01,-0.5369
2018-04-23 15:02,-0.3188
2018-04-23 15:03,-0.2665
2018-04-23 15:04,-0.1698
2018-04-23 15:05,-0.0954
2018-04-23 15:06,0.0382
2018-04-23 15:07,0.0191
2018-04-23 15:08,0.1431
2018-04-23 15:09,0.1813
2018-04-23 15:10,0.2532
2018-04-23 15:11,0.2054
2018-04-23 15:12,0.0411
2018-04-23 15:13,0.0238
2018-04-23 15:14,0.1383
2018-04-23 15:15,0.1958
2018-04-23 15:16,0.148
2018-04-23 15:17,0.0001
2018-04-23 15:18,-0.0667
2018-04-23 15:19,0.0668
2018-04-23 15:20,-0.1429
2018-04-23 15:21,-0.057
2018-04-23 15:22,0.0572
2018-04-23 15:23,0.0858
2018-04-23 15:24,0.0762
2018-04-23 15:25,0.0429
2018-04-23 15:26,0.1812
2018-04-23 15:27,0.2098
2018-04-23 15:28,0.1478
2018-04-23 15:29,0.2018
2018-04-23 15:30,0.0954
2018-04-23 15:31,0.0857
2018-04-23 15:32,0.1859
2018-04-23 15:33,0.1429
2018-04-23 15:34,0.0952
2018-04-23 15:35,0.0906
2018-04-23 15:36,0.162
2018-04-23 15:37,0.024
2018-04-23 15:38,0.0858
2018-04-23 15:39,0.1622
2018-04-23 15:40,0.1199
2018-04-23 15:41,0.1001
2018-04-23 15:42,-0.0428
2018-04-23 15:43,0.0191
2018-04-23 15:44,0.1431
2018-04-23 15:45,0.0859
2018-04-23 15:46,0.2574
2018-04-23 15:47,0.1668
2018-04-23 15:48,0.2574
2018-04-23 15:49,0.2385
2018-04-23 15:50,0.1812
2018-04-23 15:51,0.3532
2018-04-23 15:52,0.3532
2018-04-23 15:53,0.3724
2018-04-23 15:54,0.4204
2018-04-23 15:55,0.5791
2018-04-23 15:56,0.5068
2018-04-23 15:57,0.4829
2018-04-23 15:58,0.4111
2018-04-23 15:59,0.3727
2018-04-23 16:00,0.3919
2018-04-24 09:30,1.056
2018-04-24 09:31,0.7494
2018-04-24 09:32,1.1263
2018-04-24 09:33,0.8185
2018-04-24 09:34,0.7344
2018-04-24 09:35,0.648
2018-04-24 09:36,0.8866
2018-04-24 09:37,0.6288
2018-04-24 09:38,0.6571
2018-04-24 09:39,1.0245
2018-04-24 09:40,0.7722
2018-04-24 09:41,0.8473
2018-04-24 09:42,0.924
2018-04-24 09:43,0.9622
2018-04-24 09:44,0.853
2018-04-24 09:45,1.0392
2018-04-24 09:46,1.2207
2018-04-24 09:47,1.2022
2018-04-24 09:48,1.1596
2018-04-24 09:49,1.2304
2018-04-24 09:50,0.8671
2018-04-24 09:51,0.6477
2018-04-24 09:53,0.6997
2018-04-24 09:55,0.2094
2018-04-24 09:56,0.567
2018-04-24 09:57,0.4094
2018-04-24 09:58,0.3711
2018-04-24 09:59,0.6378
2018-04-24 10:00,0.5977
2018-04-24 10:01,0.633
2018-04-24 10:03,0.6949
2018-04-24 10:04,0.7136
2018-04-24 10:05,0.8657
2018-04-24 10:06,0.904
2018-04-24 10:07,0.9561
2018-04-24 10:08,0.885
2018-04-24 10:09,0.8996
2018-04-24 10:10,0.8957
2018-04-24 10:11,0.8478
2018-04-24 10:12,0.8519
2018-04-24 10:13,0.6479
2018-04-24 10:14,0.6147
2018-04-24 10:15,0.5527
2018-04-24 10:16,0.3049
2018-04-24 10:17,0.0762
2018-04-24 10:18,-0.2948
2018-04-24 10:19,-0.2426
2018-04-24 10:20,-0.3804
2018-04-24 10:21,-0.0953
2018-04-24 10:22,-0.238
2018-04-24 10:23,-0.3729
2018-04-24 10:24,-0.3615
2018-04-24 10:25,-0.4471
2018-04-24 10:26,-0.3806
2018-04-24 10:27,-0.4091
2018-04-24 10:28,-0.2569
2018-04-24 10:29,-0.1903
2018-04-24 10:30,-0.1809
2018-04-24 10:32,-0.376
2018-04-24 10:33,-0.6284
2018-04-24 10:34,-1.3144
2018-04-24 10:35,-1.2176
2018-04-24 10:36,-1.5385
2018-04-24 10:37,-1.3523
2018-04-24 10:38,-1.3062
2018-04-24 10:39,-1.2027
2018-04-24 10:40,-1.3323
2018-04-24 10:41,-1.297
2018-04-24 10:42,-1.1732
2018-04-24 10:43,-1.434
2018-04-24 10:44,-1.1541
2018-04-24 10:45,-1.2307
2018-04-24 10:46,-1.3218
2018-04-24 10:48,-1.3021
2018-04-24 10:50,-1.1246
2018-04-24 10:51,-1.3021
2018-04-24 10:52,-1.4415
2018-04-24 10:53,-1.3387
2018-04-24 10:54,-1.3916
2018-04-24 10:55,-1.4982
2018-04-24 10:56,-1.2847
2018-04-24 10:57,-1.0032
2018-04-24 10:58,-1.3047
2018-04-24 10:59,-0.9025
2018-04-24 11:00,-1.3076
2018-04-24 11:01,-1.4317
2018-04-24 11:02,-1.64
2018-04-24 11:03,-2.0904
2018-04-24 11:04,-2.2224
2018-04-24 11:05,-2.3315
2018-04-24 11:06,-2.4296
2018-04-24 11:07,-2.4989
2018-04-24 11:08,-2.4521
2018-04-24 11:09,-2.5273
2018-04-24 11:10,-2.6667
2018-04-24 11:11,-2.5186
2018-04-24 11:12,-2.5999
2018-04-24 11:13,-2.5026
2018-04-24 11:14,-2.4558
2018-04-24 11:15,-2.4558
2018-04-24 11:16,-2.452
2018-04-24 11:17,-2.6236
2018-04-24 11:18,-2.6835
2018-04-24 11:19,-2.8685
2018-04-24 11:20,-2.2649
2018-04-24 11:21,-2.0696
2018-04-24 11:22,-1.9827
2018-04-24 11:23,-1.7757
2018-04-24 11:24,-1.8765
2018-04-24 11:25,-1.7368
2018-04-24 11:26,-1.7071
2018-04-24 11:27,-1.7375
2018-04-24 11:28,-1.445
2018-04-24 11:29,-1.2893
2018-04-24 11:30,-1.213
2018-04-24 11:31,-1.3831
2018-04-24 11:32,-1.4873
2018-04-24 11:33,-1.5546
2018-04-24 11:34,-1.205
2018-04-24 11:35,-0.7782
2018-04-24 11:36,-0.8191
2018-04-24 11:37,-0.6427
2018-04-24 11:38,-0.7573
2018-04-24 11:39,-0.6905
2018-04-24 11:40,-0.6617
2018-04-24 11:41,-0.5847
2018-04-24 11:42,-0.7949
2018-04-24 11:43,-0.5884
2018-04-24 11:44,-0.8712
2018-04-24 11:45,-0.8518
2018-04-24 11:46,-0.824
2018-04-24 11:47,-0.7705
2018-04-24 11:48,-0.9095
2018-04-24 11:51,-0.9799
2018-04-24 11:52,-1.0609
2018-04-24 11:53,-1.0994
2018-04-24 11:54,-1.2332
2018-04-24 11:55,-1.3378
2018-04-24 11:56,-1.1765
2018-04-24 11:57,-1.2053
2018-04-24 11:59,-1.2584
2018-04-24 12:00,-1.4127
2018-04-24 12:01,-1.1784
2018-04-24 12:03,-1.0929
2018-04-24 12:04,-0.9793
2018-04-24 12:05,-0.6892
2018-04-24 12:06,-0.5397
2018-04-24 12:07,-0.3285
2018-04-24 12:08,-0.4014
2018-04-24 12:09,-0.2131
2018-04-24 12:10,-0.3197
2018-04-24 12:11,-0.2907
2018-04-24 12:12,-0.4254
2018-04-24 12:13,-0.3676
2018-04-24 12:14,-0.3583
2018-04-24 12:15,-0.5129
2018-04-24 12:16,-0.5426
2018-04-24 12:17,-0.6199
2018-04-24 12:18,-0.5714
2018-04-24 12:19,-0.6197
2018-04-24 12:20,-0.4561
2018-04-24 12:21,-0.2918
2018-04-24 12:22,-0.2012
2018-04-24 12:23,0.0978
2018-04-24 12:24,-0.3603
2018-04-24 12:25,-0.3409
2018-04-24 12:26,-0.7114
2018-04-24 12:27,-0.8225
2018-04-24 12:28,-1.097
2018-04-24 12:29,-1.1265
2018-04-24 12:30,-0.9811
2018-04-24 12:31,-0.9669
2018-04-24 12:32,-1.4231
2018-04-24 12:33,-1.9062
2018-04-24 12:34,-2.1177
2018-04-24 12:35,-2.0021
2018-04-24 12:36,-1.9646
2018-04-24 12:37,-1.7874
2018-04-24 12:38,-1.9575
2018-04-24 12:39,-1.8036
2018-04-24 12:40,-1.7634
2018-04-24 12:41,-2.1047
2018-04-24 12:42,-1.9415
2018-04-24 12:43,-1.9405
2018-04-24 12:44,-2.066
2018-04-24 12:45,-1.9852
2018-04-24 12:46,-1.9114
2018-04-24 12:47,-2.0131
2018-04-24 12:48,-1.9316
2018-04-24 12:49,-1.894
2018-04-24 12:50,-1.8421
2018-04-24 12:51,-1.9098
2018-04-24 12:52,-1.599
2018-04-24 12:53,-1.5641
2018-04-24 12:54,-1.5987
2018-04-24 12:55,-1.682
2018-04-24 12:56,-1.5707
2018-04-24 12:57,-1.5884
2018-04-24 12:58,-1.6309
2018-04-24 12:59,-1.5686
2018-04-24 13:00,-1.5845
2018-04-24 13:01,-1.4714
2018-04-24 13:02,-1.4009
2018-04-24 13:03,-1.4927
2018-04-24 13:04,-1.6095
2018-04-24 13:05,-1.5919
2018-04-24 13:06,-1.6473
2018-04-24 13:07,-1.5993
2018-04-24 13:08,-1.345
2018-04-24 13:09,-1.2073
2018-04-24 13:10,-0.8796
2018-04-24 13:11,-1.0398
2018-04-24 13:12,-1.0712
2018-04-24 13:13,-1.1264
2018-04-24 13:14,-1.0882
2018-04-24 13:15,-0.9386
2018-04-24 13:16,-0.906
2018-04-24 13:17,-0.8695
2018-04-24 13:18,-0.8667
2018-04-24 13:19,-0.8964
2018-04-24 13:20,-0.9067
2018-04-24 13:21,-1.034
2018-04-24 13:22,-1.0361
2018-04-24 13:23,-0.7426
2018-04-24 13:24,-0.772
2018-04-24 13:25,-0.7916
2018-04-24 13:26,-0.3724
2018-04-24 13:27,-0.4199
2018-04-24 13:28,-0.3239
2018-04-24 13:29,-0.334
2018-04-24 13:30,-0.6965
2018-04-24 13:31,-0.6819
2018-04-24 13:32,-0.3197
2018-04-24 13:33,0.0099
2018-04-24 13:34,0.2074
2018-04-24 13:35,0.0987
2018-04-24 13:36,0.2468
2018-04-24 13:37,0.0148
2018-04-24 13:38,-0.0395
2018-04-24 13:39,-0.3835
2018-04-24 13:40,-0.3836
2018-04-24 13:41,-0.1578
2018-04-24 13:42,-0.2265
2018-04-24 13:43,-0.2117
2018-04-24 13:44,-0.0345
2018-04-24 13:45,-0.4041
2018-04-24 13:46,-0.2952
2018-04-24 13:47,-0.2954
2018-04-24 13:48,-0.2758
2018-04-24 13:49,-0.4605
2018-04-24 13:50,-0.4963
2018-04-24 13:51,-0.6736
2018-04-24 13:52,-0.9573
2018-04-24 13:53,-1.2407
2018-04-24 13:54,-1.214
2018-04-24 13:55,-1.0422
2018-04-24 13:56,-1.0396
2018-04-24 13:57,-0.9891
2018-04-24 13:58,-0.9272
2018-04-24 13:59,-1.0476
2018-04-24 14:00,-0.9257
2018-04-24 14:01,-1.1318
2018-04-24 14:02,-1.4109
2018-04-24 14:03,-1.3923
2018-04-24 14:04,-1.4387
2018-04-24 14:05,-1.9882
2018-04-24 14:06,-1.931
2018-04-24 14:07,-1.9092
2018-04-24 14:08,-1.9706
2018-04-24 14:09,-2.0885
2018-04-24 14:10,-2.1722
2018-04-24 14:11,-1.7186
2018-04-24 14:12,-1.6752
2018-04-24 14:13,-1.4486
2018-04-24 14:14,-1.3752
2018-04-24 14:15,-1.3894
2018-04-24 14:16,-1.2485
2018-04-24 14:17,-1.4875
2018-04-24 14:18,-1.5424
2018-04-24 14:19,-1.5485
2018-04-24 14:20,-1.3823
2018-04-24 14:21,-0.966
2018-04-24 14:22,-0.7422
2018-04-24 14:23,-1.0629
2018-04-24 14:24,-1.231
2018-04-24 14:25,-1.1426
2018-04-24 14:26,-1.2493
2018-04-24 14:27,-1.2187
2018-04-24 14:28,-1.324
2018-04-24 14:29,-1.3502
2018-04-24 14:30,-1.1657
2018-04-24 14:31,-1.1508
2018-04-24 14:32,-1.337
2018-04-24 14:33,-1.3611
2018-04-24 14:34,-1.4541
2018-04-24 14:35,-1.4889
2018-04-24 14:36,-1.5362
2018-04-24 14:37,-1.3512
2018-04-24 14:38,-1.3718
2018-04-24 14:39,-1.4511
2018-04-24 14:40,-1.4957
2018-04-24 14:41,-1.1458
2018-04-24 14:42,-1.3526
2018-04-24 14:43,-1.1593
2018-04-24 14:44,-1.3264
2018-04-24 14:45,-1.1359
2018-04-24 14:46,-1.2141
2018-04-24 14:47,-1.1851
2018-04-24 14:48,-0.9777
2018-04-24 14:49,-0.8996
2018-04-24 14:50,-0.9141
2018-04-24 14:51,-0.5099
2018-04-24 14:52,-0.3866
2018-04-24 14:53,-0.437
2018-04-24 14:54,-0.545
2018-04-24 14:55,-0.2881
2018-04-24 14:56,-0.1987
2018-04-24 14:57,0.005
2018-04-24 14:58,-0.1019
2018-04-24 14:59,-0.0944
2018-04-24 15:00,-0.1392
2018-04-24 15:01,0.0299
2018-04-24 15:02,0.1446
2018-04-24 15:03,0.2245
2018-04-24 15:04,0.4349
2018-04-24 15:05,1.0343
2018-04-24 15:06,1.0549
2018-04-24 15:07,1.0827
2018-04-24 15:08,0.9759
2018-04-24 15:09,0.903
2018-04-24 15:10,0.7318
2018-04-24 15:11,0.3196
2018-04-24 15:12,0.1772
2018-04-24 15:13,0.0997
2018-04-24 15:14,0.0896
2018-04-24 15:15,0.1693
2018-04-24 15:16,0.1493
2018-04-24 15:17,0.3144
2018-04-24 15:18,0.363
2018-04-24 15:19,0.3995
2018-04-24 15:20,0.1846
2018-04-24 15:21,0.0
2018-04-24 15:22,-0.1066
2018-04-24 15:23,-0.0298
2018-04-24 15:24,0.1895
2018-04-24 15:25,0.0996
2018-04-24 15:26,0.0797
2018-04-24 15:27,0.0231
2018-04-24 15:28,0.0344
2018-04-24 15:29,0.1399
2018-04-24 15:30,0.2498
2018-04-24 15:31,0.005
2018-04-24 15:32,0.045
2018-04-24 15:33,-0.0693
2018-04-24 15:34,0.055
2018-04-24 15:35,0.0601
2018-04-24 15:36,-0.05
2018-04-24 15:37,-0.09
2018-04-24 15:38,-0.04
2018-04-24 15:39,0.0902
2018-04-24 15:40,0.2255
2018-04-24 15:41,-0.0999
2018-04-24 15:42,0.13
2018-04-24 15:43,-0.2895
2018-04-24 15:44,-0.2399
2018-04-24 15:45,-0.3696
2018-04-24 15:46,-0.1998
2018-04-24 15:47,-0.1349
2018-04-24 15:48,-0.2144
2018-04-24 15:49,-0.0399
2018-04-24 15:50,-0.0798
2018-04-24 15:51,-0.2736
2018-04-24 15:52,-0.1592
2018-04-24 15:53,0.0499
2018-04-24 15:54,0.1948
2018-04-24 15:55,-0.1594
2018-04-24 15:56,-0.219
2018-04-24 15:57,-0.4274
2018-04-24 15:58,-0.4324
2018-04-24 15:59,-0.3383
2018-04-24 16:00,-0.1095
2018-04-25 09:30,0.4329
2018-04-25 09:31,0.3834
2018-04-25 09:32,0.2389
2018-04-25 09:33,0.1045
2018-04-25 09:34,0.2187
2018-04-25 09:35,-0.0199
2018-04-25 09:36,-0.1689
2018-04-25 09:37,-0.2188
2018-04-25 09:38,-0.9943
2018-04-25 09:39,-0.8359
2018-04-25 09:40,-0.981
2018-04-25 09:41,-0.705
2018-04-25 09:42,-1.0503
2018-04-25 09:43,-1.0449
2018-04-25 09:44,-1.9185
2018-04-25 09:45,-2.2366
2018-04-25 09:46,-2.0018
2018-04-25 09:47,-1.5448
2018-04-25 09:48,-1.5666
2018-04-25 09:49,-1.4141
2018-04-25 09:50,-1.4631
2018-04-25 09:51,-1.7403
2018-04-25 09:52,-1.6121
2018-04-25 09:53,-1.5179
2018-04-25 09:54,-1.9013
2018-04-25 09:55,-1.6124
2018-04-25 09:56,-1.8426
2018-04-25 09:57,-2.0798
2018-04-25 09:58,-1.9354
2018-04-25 09:59,-2.4127
2018-04-25 10:00,-2.2834
2018-04-25 10:01,-2.4741
2018-04-25 10:02,-2.4822
2018-04-25 10:03,-3.1576
2018-04-25 10:04,-2.6808
2018-04-25 10:05,-2.8667
2018-04-25 10:06,-2.2516
2018-04-25 10:07,-2.7828
2018-04-25 10:08,-2.7722
2018-04-25 10:09,-2.86
2018-04-25 10:10,-2.8506
2018-04-25 10:11,-2.7685
2018-04-25 10:12,-2.8231
2018-04-25 10:13,-2.5245
2018-04-25 10:14,-2.607
2018-04-25 10:15,-2.7583
2018-04-25 10:16,-2.8972
2018-04-25 10:17,-3.0083
2018-04-25 10:18,-3.3059
2018-04-25 10:19,-3.328
2018-04-25 10:20,-3.5821
2018-04-25 10:21,-3.9274
2018-04-25 10:22,-3.7787
2018-04-25 10:23,-3.5353
2018-04-25 10:24,-3.2834
2018-04-25 10:25,-3.2728
2018-04-25 10:26,-2.8898
2018-04-25 10:27,-3.1002
2018-04-25 10:28,-3.2031
2018-04-25 10:29,-3.1188
2018-04-25 10:30,-3.6465
2018-04-25 10:31,-3.7302
2018-04-25 10:32,-3.4813
2018-04-25 10:33,-3.0927
2018-04-25 10:34,-3.4811
2018-04-25 10:35,-3.0526
2018-04-25 10:36,-3.0252
2018-04-25 10:37,-2.5513
2018-04-25 10:38,-1.6571
2018-04-25 10:39,-1.6157
2018-04-25 10:40,-1.3529
2018-04-25 10:41,-1.5956
2018-04-25 10:42,-1.4237
2018-04-25 10:43,-1.4984
2018-04-25 10:44,-0.7094
2018-04-25 10:45,-0.1457
2018-04-25 10:46,-0.3203
2018-04-25 10:47,-0.9995
2018-04-25 10:48,-1.1217
2018-04-25 10:49,-1.2424
2018-04-25 10:50,-0.9899
2018-04-25 10:51,-0.9569
2018-04-25 10:52,-1.062
2018-04-25 10:53,-1.3893
2018-04-25 10:54,-0.9564
2018-04-25 10:55,-1.5175
2018-04-25 10:56,-1.1161
2018-04-25 10:57,-0.6064
2018-04-25 10:58,-0.6612
2018-04-25 10:59,-0.1992
2018-04-25 11:00,-0.0153
2018-04-25 11:01,0.2409
2018-04-25 11:02,0.2976
2018-04-25 11:03,0.9376
2018-04-25 11:04,0.3597
2018-04-25 11:05,0.8087
2018-04-25 11:06,0.215
2018-04-25 11:07,0.9061
2018-04-25 11:08,0.7669
2018-04-25 11:09,0.8853
2018-04-25 11:10,0.8236
2018-04-25 11:11,0.5824
2018-04-25 11:12,0.7005
2018-04-25 11:13,0.7066
2018-04-25 11:14,1.0398
2018-04-25 11:15,1.0425
2018-04-25 11:16,0.9842
2018-04-25 11:17,0.9016
2018-04-25 11:18,1.1278
2018-04-25 11:19,1.2231
2018-04-25 11:20,1.2936
2018-04-25 11:21,1.5771
2018-04-25 11:22,1.6579
2018-04-25 11:23,1.4577
2018-04-25 11:24,1.3105
2018-04-25 11:25,1.4132
2018-04-25 11:26,1.105
2018-04-25 11:27,1.4013
2018-04-25 11:28,1.7619
2018-04-25 11:29,1.7176
2018-04-25 11:30,1.8717
2018-04-25 11:31,2.2156
2018-04-25 11:32,2.1456
2018-04-25 11:33,1.4674
2018-04-25 11:34,1.3677
2018-04-25 11:35,1.1897
2018-04-25 11:36,1.1683
2018-04-25 11:37,0.6443
2018-04-25 11:38,0.2757
2018-04-25 11:39,0.1224
2018-04-25 11:40,0.0408
2018-04-25 11:41,-0.102
2018-04-25 11:42,-0.3828
2018-04-25 11:43,-0.2144
2018-04-25 11:44,-0.255
2018-04-25 11:45,-0.465
2018-04-25 11:46,-0.2572
2018-04-25 11:47,0.0304
2018-04-25 11:48,0.5621
2018-04-25 11:49,0.3478
2018-04-25 11:50,0.1734
2018-04-25 11:51,0.3326
2018-04-25 11:52,0.4294
2018-04-25 11:53,0.6764
2018-04-25 11:54,0.7505
2018-04-25 11:55,1.0067
2018-04-25 11:56,0.8414
2018-04-25 11:57,0.6816
2018-04-25 11:58,0.4096
2018-04-25 11:59,0.5067
2018-04-25 12:00,0.3222
2018-04-25 12:01,0.4704
2018-04-25 12:03,0.4501
2018-04-25 12:04,0.3273
2018-04-25 12:05,0.4506
2018-04-25 12:06,-0.0102
2018-04-25 12:07,-0.0102
2018-04-25 12:08,-0.2449
2018-04-25 12:09,0.0664
2018-04-25 12:10,-0.158
2018-04-25 12:11,-0.1736
2018-04-25 12:12,0.1159
2018-04-25 12:13,0.2353
2018-04-25 12:14,-0.1914
2018-04-25 12:15,-0.1987
2018-04-25 12:16,-0.1299
2018-04-25 12:17,-0.0255
2018-04-25 12:18,-0.1225
2018-04-25 12:19,-0.1633
2018-04-25 12:20,-0.0815
2018-04-25 12:21,0.1635
2018-04-25 12:22,0.0817
2018-04-25 12:23,-0.2461
2018-04-25 12:24,-0.3159
2018-04-25 12:25,-0.2444
2018-04-25 12:26,-0.4476
2018-04-25 12:27,-0.3355
2018-04-25 12:28,-0.3861
2018-04-25 12:29,-0.8656
2018-04-25 12:31,-0.9909
2018-04-25 12:32,-1.06
2018-04-25 12:33,-1.23
2018-04-25 12:34,-1.2593
2018-04-25 12:35,-0.9153
2018-04-25 12:36,-0.6498
2018-04-25 12:37,-0.6766
2018-04-25 12:38,-0.6316
2018-04-25 12:39,-0.5304
2018-04-25 12:40,-0.2241
2018-04-25 12:41,-0.2037
2018-04-25 12:42,-0.2242
2018-04-25 12:43,-0.1633
2018-04-25 12:44,0.1434
2018-04-25 12:45,0.0307
2018-04-25 12:46,0.1124
2018-04-25 12:47,0.133
2018-04-25 12:48,0.0204
2018-04-25 12:49,-0.26
2018-04-25 12:50,-0.7114
2018-04-25 12:51,-0.3822
2018-04-25 12:52,-0.4532
2018-04-25 12:53,-0.4176
2018-04-25 12:54,-0.7024
2018-04-25 12:55,-0.6006
2018-04-25 12:56,-0.7016
2018-04-25 12:57,-0.6661
2018-04-25 12:58,-0.5037
2018-04-25 12:59,-0.565
2018-04-25 13:00,-0.3876
2018-04-25 13:01,-0.4274
2018-04-25 13:02,-0.1988
2018-04-25 13:03,-0.4529
2018-04-25 13:04,-0.4074
2018-04-25 13:05,-0.4792
2018-04-25 13:06,-0.3874
2018-04-25 13:07,-0.0511
2018-04-25 13:08,-0.1635
2018-04-25 13:09,-0.1023
2018-04-25 13:10,-0.2654
2018-04-25 13:11,-0.2506
2018-04-25 13:12,-0.2864
2018-04-25 13:13,-0.5308
2018-04-25 13:14,-0.5307
2018-04-25 13:15,-0.3579
2018-04-25 13:16,-0.536
2018-04-25 13:17,-0.5714
2018-04-25 13:18,-0.5308
2018-04-25 13:19,-0.2863
2018-04-25 13:20,-0.4133
2018-04-25 13:21,-0.5307
2018-04-25 13:22,-0.6426
2018-04-25 13:23,-0.4585
2018-04-25 13:24,-0.3766
2018-04-25 13:25,-0.3884
2018-04-25 13:26,-0.4288
2018-04-25 13:27,-0.4904
2018-04-25 13:28,-0.5407
2018-04-25 13:29,-0.5304
2018-04-25 13:30,-0.2157
2018-04-25 13:31,-0.2553
2018-04-25 13:32,-0.3571
2018-04-25 13:33,-0.3777
2018-04-25 13:34,-0.291
2018-04-25 13:35,-0.2194
2018-04-25 13:36,-0.4387
2018-04-25 13:37,-0.3393
2018-04-25 13:38,-0.4448
2018-04-25 13:39,-0.3555
2018-04-25 13:40,-0.3981
2018-04-25 13:41,-0.3675
2018-04-25 13:42,-0.3473
2018-04-25 13:43,-0.092
2018-04-25 13:44,-0.1995
2018-04-25 13:45,-0.2762
2018-04-25 13:46,-0.3373
2018-04-25 13:47,-0.3269
2018-04-25 13:48,-0.4594
2018-04-25 13:49,-0.3271
2018-04-25 13:50,-0.2352
2018-04-25 13:51,-0.3939
2018-04-25 13:52,-0.3325
2018-04-25 13:53,-0.3017
2018-04-25 13:54,0.0
2018-04-25 13:55,-0.1792
2018-04-25 13:56,-0.1434
2018-04-25 13:57,-0.1894
2018-04-25 13:58,-0.3119
2018-04-25 13:59,-0.0921
2018-04-25 14:00,-0.1382
2018-04-25 14:01,-0.1334
2018-04-25 14:02,-0.3371
2018-04-25 14:03,-0.1738
2018-04-25 14:04,-0.1432
2018-04-25 14:05,-0.0717
2018-04-25 14:06,-0.0716
2018-04-25 14:07,-0.1089
2018-04-25 14:08,0.0102
2018-04-25 14:09,0.0307
2018-04-25 14:10,-0.1228
2018-04-25 14:11,0.0205
2018-04-25 14:12,0.1026
2018-04-25 14:13,0.1129
2018-04-25 14:14,0.0205
2018-04-25 14:15,0.0205
2018-04-25 14:16,0.1642
2018-04-25 14:17,0.1539
2018-04-25 14:18,0.272
2018-04-25 14:19,0.0205
2018-04-25 14:20,0.066
2018-04-25 14:21,0.041
2018-04-25 14:22,0.0616
2018-04-25 14:23,-0.0623
2018-04-25 14:24,-0.1128
2018-04-25 14:25,-0.1334
2018-04-25 14:26,-0.082
2018-04-25 14:27,0.0
2018-04-25 14:28,-0.1692
2018-04-25 14:29,-0.1354
2018-04-25 14:30,-0.3945
2018-04-25 14:31,-0.3276
2018-04-25 14:32,-0.3789
2018-04-25 14:33,-0.1844
2018-04-25 14:34,-0.2403
2018-04-25 14:35,-0.1841
2018-04-25 14:36,0.0102
2018-04-25 14:37,0.087
2018-04-25 14:38,0.1641
2018-04-25 14:39,0.1615
2018-04-25 14:40,0.0922
2018-04-25 14:41,0.0205
2018-04-25 14:42,0.164
2018-04-25 14:43,-0.0205
2018-04-25 14:44,0.1794
2018-04-25 14:45,-0.0325
2018-04-25 14:46,-0.1077
2018-04-25 14:47,-0.1128
2018-04-25 14:48,0.0
2018-04-25 14:49,0.241
2018-04-25 14:50,0.2665
2018-04-25 14:51,0.3184
2018-04-25 14:52,0.272
2018-04-25 14:53,0.2616
2018-04-25 14:54,0.1839
2018-04-25 14:55,0.2719
2018-04-25 14:56,0.1949
2018-04-25 14:57,0.1461
2018-04-25 14:58,0.277
2018-04-25 14:59,0.1332
2018-04-25 15:00,0.2614
2018-04-25 15:01,0.2561
2018-04-25 15:02,0.2768
2018-04-25 15:03,0.1536
2018-04-25 15:04,0.0512
2018-04-25 15:05,0.1589
2018-04-25 15:06,0.0512
2018-04-25 15:07,0.0067
2018-04-25 15:08,-0.046
2018-04-25 15:09,-0.1126
2018-04-25 15:10,-0.1127
2018-04-25 15:11,-0.0205
2018-04-25 15:12,0.0056
2018-04-25 15:13,0.082
2018-04-25 15:14,0.0616
2018-04-25 15:15,0.1231
2018-04-25 15:16,0.041
2018-04-25 15:17,-0.041
2018-04-25 15:18,-0.0972
2018-04-25 15:19,-0.0513
2018-04-25 15:20,-0.1436
2018-04-25 15:21,-0.1436
2018-04-25 15:22,0.0616
2018-04-25 15:23,-0.041
2018-04-25 15:24,-0.0103
2018-04-25 15:25,0.0719
2018-04-25 15:26,-0.031
2018-04-25 15:27,-0.0719
2018-04-25 15:28,-0.0822
2018-04-25 15:29,-0.1314
2018-04-25 15:30,0.0411
2018-04-25 15:31,-0.0616
2018-04-25 15:32,0.0925
2018-04-25 15:33,-0.2361
2018-04-25 15:34,-0.2359
2018-04-25 15:35,-0.2358
2018-04-25 15:36,-0.3177
2018-04-25 15:37,-0.578
2018-04-25 15:38,-0.5168
2018-04-25 15:39,-0.4785
2018-04-25 15:40,-0.6041
2018-04-25 15:41,-0.5327
2018-04-25 15:42,-0.6652
2018-04-25 15:43,-0.6756
2018-04-25 15:44,-0.7521
2018-04-25 15:45,-0.3779
2018-04-25 15:46,-0.3748
2018-04-25 15:47,-0.3592
2018-04-25 15:48,-0.4
2018-04-25 15:49,-0.6446
2018-04-25 15:50,-0.5218
2018-04-25 15:51,-0.2099
2018-04-25 15:52,-0.2559
2018-04-25 15:53,-0.2916
2018-04-25 15:54,-0.2654
2018-04-25 15:55,-0.2558
2018-04-25 15:56,-0.1842
2018-04-25 15:57,-0.1151
2018-04-25 15:58,-0.1432
2018-04-25 15:59,-0.1637
2018-04-25 16:00,-0.1534
2018-04-26 09:30,0.4087
2018-04-26 09:31,0.7564
2018-04-26 09:32,0.68
2018-04-26 09:33,1.2282
2018-04-26 09:34,1.351
2018-04-26 09:35,0.8497
2018-04-26 09:36,0.8342
2018-04-26 09:37,1.124
2018-04-26 09:38,0.9206
2018-04-26 09:39,0.9524
2018-04-26 09:40,1.168
2018-04-26 09:41,0.7475
2018-04-26 09:42,0.3483
2018-04-26 09:43,0.5229
2018-04-26 09:44,0.6661
2018-04-26 09:45,1.0756
2018-04-26 09:46,1.2095
2018-04-26 09:47,1.0347
2018-04-26 09:48,1.0257
2018-04-26 09:49,1.0272
2018-04-26 09:50,1.0179
2018-04-26 09:51,0.7844
2018-04-26 09:52,1.1289
2018-04-26 09:53,1.068
2018-04-26 09:54,1.1038
2018-04-26 09:55,1.0422
2018-04-26 09:56,1.449
2018-04-26 09:57,1.64
2018-04-26 09:58,1.5219
2018-04-26 09:59,1.8509
2018-04-26 10:00,1.8399
2018-04-26 10:01,1.7149
2018-04-26 10:02,2.2225
2018-04-26 10:03,2.3237
2018-04-26 10:04,2.4552
2018-04-26 10:05,2.3643
2018-04-26 10:06,2.5314
2018-04-26 10:07,2.5311
2018-04-26 10:08,2.7564
2018-04-26 10:09,2.6578
2018-04-26 10:10,2.7394
2018-04-26 10:11,2.8539
2018-04-26 10:12,2.8342
2018-04-26 10:13,2.7375
2018-04-26 10:14,2.6674
2018-04-26 10:15,2.8445
2018-04-26 10:16,2.6468
2018-04-26 10:17,2.6671
2018-04-26 10:18,2.6571
2018-04-26 10:19,2.6126
2018-04-26 10:20,2.437
2018-04-26 10:21,2.4786
2018-04-26 10:22,2.3755
2018-04-26 10:23,2.2209
2018-04-26 10:24,2.2361
2018-04-26 10:25,2.2149
2018-04-26 10:26,2.3482
2018-04-26 10:27,2.2848
2018-04-26 10:28,2.4603
2018-04-26 10:29,2.4119
2018-04-26 10:30,1.8988
2018-04-26 10:31,1.7045
2018-04-26 10:32,1.9112
2018-04-26 10:33,1.3145
2018-04-26 10:34,1.1361
2018-04-26 10:35,1.614
2018-04-26 10:36,1.7916
2018-04-26 10:37,1.5559
2018-04-26 10:38,1.9819
2018-04-26 10:39,2.0953
2018-04-26 10:40,1.5394
2018-04-26 10:41,1.648
2018-04-26 10:42,2.0516
2018-04-26 10:43,1.9327
2018-04-26 10:44,1.7254
2018-04-26 10:45,1.3073
2018-04-26 10:46,1.3976
2018-04-26 10:47,1.6528
2018-04-26 10:48,1.8682
2018-04-26 10:49,1.8709
2018-04-26 10:50,1.7987
2018-04-26 10:51,1.8668
2018-04-26 10:52,1.7052
2018-04-26 10:53,1.8391
2018-04-26 10:54,1.7316
2018-04-26 10:55,2.0371
2018-04-26 10:56,1.7105
2018-04-26 10:57,1.477
2018-04-26 10:58,1.4585
2018-04-26 10:59,1.2216
2018-04-26 11:00,1.09
2018-04-26 11:02,1.0197
2018-04-26 11:03,0.7448
2018-04-26 11:04,0.5225
2018-04-26 11:05,0.3158
2018-04-26 11:06,0.6628
2018-04-26 11:07,0.6724
2018-04-26 11:08,0.7276
2018-04-26 11:09,0.3653
2018-04-26 11:10,0.5517
2018-04-26 11:11,0.6315
2018-04-26 11:12,0.596
2018-04-26 11:13,0.4811
2018-04-26 11:14,0.6724
2018-04-26 11:15,0.5708
2018-04-26 11:16,0.3207
2018-04-26 11:17,0.4615
2018-04-26 11:18,0.4413
2018-04-26 11:19,0.5819
2018-04-26 11:20,0.5313
2018-04-26 11:21,0.5259
2018-04-26 11:22,0.5408
2018-04-26 11:23,0.4109
2018-04-26 11:24,0.6276
2018-04-26 11:25,0.612
2018-04-26 11:26,0.7725
2018-04-26 11:27,0.6492
2018-04-26 11:28,0.5409
2018-04-26 11:29,0.4602
2018-04-26 11:30,0.495
2018-04-26 11:31,0.3634
2018-04-26 11:32,0.349
2018-04-26 11:33,0.3541
2018-04-26 11:34,0.3293
2018-04-26 11:35,0.2596
2018-04-26 11:36,0.4396
2018-04-26 11:37,0.3789
2018-04-26 11:38,0.319
2018-04-26 11:39,0.2489
2018-04-26 11:40,0.1991
2018-04-26 11:41,0.37
2018-04-26 11:42,0.6342
2018-04-26 11:44,0.4601
2018-04-26 11:45,0.5353
2018-04-26 11:46,0.6754
2018-04-26 11:47,0.6804
2018-04-26 11:48,0.3196
2018-04-26 11:49,0.2494
2018-04-26 11:50,0.1794
2018-04-26 11:51,0.3793
2018-04-26 11:52,0.3995
2018-04-26 11:53,0.2647
2018-04-26 11:54,0.2495
2018-04-26 11:55,0.1696
2018-04-26 11:56,0.3195
2018-04-26 11:57,0.0597
2018-04-26 11:58,0.0558
2018-04-26 11:59,0.0897
2018-04-26 12:00,0.4393
2018-04-26 12:01,0.2992
2018-04-26 12:02,0.4729
2018-04-26 12:03,0.6996
2018-04-26 12:04,0.5895
2018-04-26 12:05,0.5898
2018-04-26 12:07,0.5747
2018-04-26 12:08,0.3691
2018-04-26 12:09,0.329
2018-04-26 12:10,0.2292
2018-04-26 12:11,0.3241
2018-04-26 12:12,0.3742
2018-04-26 12:13,0.2191
2018-04-26 12:14,0.3037
2018-04-26 12:15,0.4089
2018-04-26 12:16,0.339
2018-04-26 12:17,0.3202
2018-04-26 12:18,0.6143
2018-04-26 12:19,0.6192
2018-04-26 12:20,0.6691
2018-04-26 12:21,0.4887
2018-04-26 12:22,0.4986
2018-04-26 12:23,0.4484
2018-04-26 12:24,0.4283
2018-04-26 12:25,0.564
2018-04-26 12:26,0.5984
2018-04-26 12:27,0.5784
2018-04-26 12:28,0.4331
2018-04-26 12:29,0.3803
2018-04-26 12:30,0.3786
2018-04-26 12:31,0.3735
2018-04-26 12:32,0.3184
2018-04-26 12:33,0.3283
2018-04-26 12:34,0.2982
2018-04-26 12:35,0.2662
2018-04-26 12:36,0.4476
2018-04-26 12:37,0.5677
2018-04-26 12:38,0.4575
2018-04-26 12:39,0.447
2018-04-26 12:40,0.4968
2018-04-26 12:41,0.3897
2018-04-26 12:42,0.4371
2018-04-26 12:43,0.3468
2018-04-26 12:44,0.359
2018-04-26 12:45,0.5974
2018-04-26 12:46,0.5673
2018-04-26 12:47,0.3968
2018-04-26 12:48,0.2285
2018-04-26 12:49,0.5675
2018-04-26 12:51,0.4975
2018-04-26 12:52,0.4079
2018-04-26 12:53,0.2983
2018-04-26 12:54,0.3482
2018-04-26 12:55,0.5329
2018-04-26 12:56,0.4678
2018-04-26 12:57,0.4582
2018-04-26 12:58,0.3184
2018-04-26 12:59,0.3383
2018-04-26 13:00,0.3832
2018-04-26 13:01,0.5478
2018-04-26 13:02,0.3181
2018-04-26 13:03,0.3782
2018-04-26 13:04,0.3342
2018-04-26 13:05,0.2779
2018-04-26 13:06,0.298
2018-04-26 13:07,0.2882
2018-04-26 13:08,0.3478
2018-04-26 13:09,0.3379
2018-04-26 13:11,0.3279
2018-04-26 13:12,0.2982
2018-04-26 13:13,0.4026
2018-04-26 13:14,0.4225
2018-04-26 13:15,0.3578
2018-04-26 13:16,0.2283
2018-04-26 13:17,0.2781
2018-04-26 13:18,0.3377
2018-04-26 13:20,0.4176
2018-04-26 13:21,0.273
2018-04-26 13:22,0.2581
2018-04-26 13:23,0.1686
2018-04-26 13:24,0.2084
2018-04-26 13:25,0.3076
2018-04-26 13:26,0.2982
2018-04-26 13:27,0.4761
2018-04-26 13:28,0.4814
2018-04-26 13:29,0.2578
2018-04-26 13:30,0.2082
2018-04-26 13:31,0.1933
2018-04-26 13:32,0.2479
2018-04-26 13:33,0.3375
2018-04-26 13:34,0.2729
2018-04-26 13:35,0.3394
2018-04-26 13:36,0.2578
2018-04-26 13:37,0.0991
2018-04-26 13:38,0.0
2018-04-26 13:39,0.0198
2018-04-26 13:40,0.0693
2018-04-26 13:43,0.0495
2018-04-26 13:44,-0.0989
2018-04-26 13:45,-0.089
2018-04-26 13:46,-0.0616
2018-04-26 13:47,-0.0396
2018-04-26 13:48,-0.0099
2018-04-26 13:49,0.0495
2018-04-26 13:50,-0.0891
2018-04-26 13:51,-0.1089
2018-04-26 13:52,-0.0636
2018-04-26 13:53,0.1091
2018-04-26 13:54,-0.0297
2018-04-26 13:55,-0.0693
2018-04-26 13:56,0.0595
2018-04-26 13:57,0.0793
2018-04-26 13:58,0.0793
2018-04-26 13:59,0.0198
2018-04-26 14:00,0.0297
2018-04-26 14:01,0.0892
2018-04-26 14:02,0.1587
2018-04-26 14:03,0.119
2018-04-26 14:04,0.0099
2018-04-26 14:05,-0.0495
2018-04-26 14:06,0.0198
2018-04-26 14:07,-0.0152
2018-04-26 14:08,-0.0198
2018-04-26 14:09,-0.0792
2018-04-26 14:10,0.0099
2018-04-26 14:11,0.0396
2018-04-26 14:12,0.0198
2018-04-26 14:13,0.1288
2018-04-26 14:14,0.0347
2018-04-26 14:15,0.0198
2018-04-26 14:16,-0.104
2018-04-26 14:17,-0.0396
2018-04-26 14:18,-0.0099
2018-04-26 14:19,0.0287
2018-04-26 14:20,0.0
2018-04-26 14:21,-0.0297
2018-04-26 14:22,-0.005
2018-04-26 14:23,0.0099
2018-04-26 14:24,0.1089
2018-04-26 14:25,0.0
2018-04-26 14:26,-0.0142
2018-04-26 14:27,-0.1879
2018-04-26 14:28,-0.144
2018-04-26 14:29,-0.2567
2018-04-26 14:31,-0.2074
2018-04-26 14:33,-0.1681
2018-04-26 14:34,0.0099
2018-04-26 14:35,0.0
2018-04-26 14:36,0.0
2018-04-26 14:37,-0.089
2018-04-26 14:38,0.0
2018-04-26 14:39,-0.0416
2018-04-26 14:40,0.0099
2018-04-26 14:41,0.1782
2018-04-26 14:42,0.2773
2018-04-26 14:43,0.3267
2018-04-26 14:44,0.2177
2018-04-26 14:45,0.287
2018-04-26 14:46,0.3267
2018-04-26 14:47,0.2969
2018-04-26 14:48,0.3762
2018-04-26 14:49,0.376
2018-04-26 14:50,0.3664
2018-04-26 14:51,0.3763
2018-04-26 14:52,0.426
2018-04-26 14:53,0.4458
2018-04-26 14:54,0.3814
2018-04-26 14:55,0.4159
2018-04-26 14:56,0.4357
2018-04-26 14:57,0.4756
2018-04-26 14:58,0.3664
2018-04-26 14:59,0.3183
2018-04-26 15:00,0.3467
2018-04-26 15:01,0.3517
2018-04-26 15:02,0.3417
2018-04-26 15:03,0.3952
2018-04-26 15:04,0.3664
2018-04-26 15:05,0.3913
2018-04-26 15:06,0.3272
2018-04-26 15:07,0.2874
2018-04-26 15:09,0.1486
2018-04-26 15:10,0.0941
2018-04-26 15:11,0.109
2018-04-26 15:12,0.109
2018-04-26 15:13,0.0198
2018-04-26 15:14,0.0693
2018-04-26 15:15,0.1188
2018-04-26 15:16,0.0198
2018-04-26 15:17,0.005
2018-04-26 15:18,0.0743
2018-04-26 15:19,0.0644
2018-04-26 15:20,-0.0198
2018-04-26 15:21,-0.0099
2018-04-26 15:22,-0.0386
2018-04-26 15:23,0.0594
2018-04-26 15:24,0.0396
2018-04-26 15:25,-0.0248
2018-04-26 15:26,-0.099
2018-04-26 15:27,-0.178
2018-04-26 15:28,-0.0297
2018-04-26 15:29,-0.0156
2018-04-26 15:30,0.0
2018-04-26 15:31,-0.0693
2018-04-26 15:32,-0.1188
2018-04-26 15:33,-0.099
2018-04-26 15:34,0.0297
2018-04-26 15:35,-0.0495
2018-04-26 15:36,-0.0844
2018-04-26 15:37,-0.0495
2018-04-26 15:38,0.0099
2018-04-26 15:39,-0.1435
2018-04-26 15:40,-0.1582
2018-04-26 15:41,-0.1484
2018-04-26 15:42,-0.2273
2018-04-26 15:43,-0.2519
2018-04-26 15:44,-0.2961
2018-04-26 15:45,-0.2765
2018-04-26 15:46,-0.375
2018-04-26 15:47,-0.4292
2018-04-26 15:48,-0.4243
2018-04-26 15:49,-0.4636
2018-04-26 15:50,-0.4338
2018-04-26 15:51,-0.3848
2018-04-26 15:52,-0.518
2018-04-26 15:53,-0.4636
2018-04-26 15:54,-0.434
2018-04-26 15:55,-0.4144
2018-04-26 15:56,-0.4339
2018-04-26 15:57,-0.4338
2018-04-26 15:58,-0.4437
2018-04-26 15:59,-0.3848
2018-04-26 16:00,-0.3568
