date,OBV
2018-04-13 09:30,18491.0
2018-04-13 09:31,14328.0
2018-04-13 09:32,8014.0
2018-04-13 09:33,21693.0
2018-04-13 09:34,31452.0
2018-04-13 09:35,22738.0
2018-04-13 09:36,-720.0
2018-04-13 09:37,9519.0
2018-04-13 09:38,26860.0
2018-04-13 09:39,23447.0
2018-04-13 09:40,28990.0
2018-04-13 09:41,18397.0
2018-04-13 09:42,15297.0
2018-04-13 09:43,11997.0
2018-04-13 09:44,4805.0
2018-04-13 09:45,8055.0
2018-04-13 09:46,2112.0
2018-04-13 09:47,-538.0
2018-04-13 09:48,-3388.0
2018-04-13 09:49,-10983.0
2018-04-13 09:50,-15153.0
2018-04-13 09:51,-21035.0
2018-04-13 09:52,-24471.0
2018-04-13 09:53,-15335.0
2018-04-13 09:54,-17953.0
2018-04-13 09:55,-20517.0
2018-04-13 09:56,-18212.0
2018-04-13 09:57,-22897.0
2018-04-13 09:58,-26443.0
2018-04-13 09:59,-19993.0
2018-04-13 10:00,-28989.0
2018-04-13 10:01,-21618.0
2018-04-13 10:02,-24268.0
2018-04-13 10:03,-35626.0
2018-04-13 10:04,-30388.0
2018-04-13 10:05,-25989.0
2018-04-13 10:06,-22583.0
2018-04-13 10:07,-24088.0
2018-04-13 10:08,-27955.0
2018-04-13 10:09,-31223.0
2018-04-13 10:10,-34463.0
2018-04-13 10:11,-31793.0
2018-04-13 10:12,-36997.0
2018-04-13 10:13,-36997.0
2018-04-13 10:14,-40197.0
2018-04-13 10:15,-41997.0
2018-04-13 10:16,-35475.0
2018-04-13 10:17,-41775.0
2018-04-13 10:18,-43225.0
2018-04-13 10:19,-40320.0
2018-04-13 10:20,-40820.0
2018-04-13 10:21,-47189.0
2018-04-13 10:22,-38425.0
2018-04-13 10:23,-39325.0
2018-04-13 10:24,-36025.0
2018-04-13 10:25,-38500.0
2018-04-13 10:26,-40000.0
2018-04-13 10:27,-45894.0
2018-04-13 10:28,-52602.0
2018-04-13 10:29,-56351.0
2018-04-13 10:30,-50986.0
2018-04-13 10:31,-49386.0
2018-04-13 10:32,-59826.0
2018-04-13 10:33,-57026.0
2018-04-13 10:34,-54176.0
2018-04-13 10:35,-34292.0
2018-04-13 10:36,-36874.0
2018-04-13 10:37,-38009.0
2018-04-13 10:38,-40209.0
2018-04-13 10:39,-38706.0
2018-04-13 10:40,-40902.0
2018-04-13 10:41,-39052.0
2018-04-13 10:42,-35812.0
2018-04-13 10:43,-33962.0
2018-04-13 10:44,-33164.0
2018-04-13 10:45,-34164.0
2018-04-13 10:46,-36264.0
2018-04-13 10:47,-35114.0
2018-04-13 10:48,-33814.0
2018-04-13 10:49,-32527.0
2018-04-13 10:50,-33527.0
2018-04-13 10:51,-33927.0
2018-04-13 10:52,-30027.0
2018-04-13 10:53,-33577.0
2018-04-13 10:54,-30477.0
2018-04-13 10:55,-27771.0
2018-04-13 10:56,-29571.0
2018-04-13 10:57,-30171.0
2018-04-13 10:58,-30371.0
2018-04-13 10:59,-31141.0
2018-04-13 11:00,-32798.0
2018-04-13 11:01,-34118.0
2018-04-13 11:02,-58238.0
2018-04-13 11:03,-68261.0
2018-04-13 11:04,-68261.0
2018-04-13 11:05,-65991.0
2018-04-13 11:06,-65591.0
2018-04-13 11:07,-62822.0
2018-04-13 11:08,-62022.0
2018-04-13 11:09,-61322.0
2018-04-13 11:10,-61122.0
2018-04-13 11:11,-62222.0
2018-04-13 11:12,-63322.0
2018-04-13 11:13,-62898.0
2018-04-13 11:14,-59807.0
2018-04-13 11:15,-59357.0
2018-04-13 11:16,-55967.0
2018-04-13 11:17,-63567.0
2018-04-13 11:18,-63967.0
2018-04-13 11:19,-64667.0
2018-04-13 11:20,-64967.0
2018-04-13 11:21,-63167.0
2018-04-13 11:22,-63767.0
2018-04-13 11:23,-65167.0
2018-04-13 11:24,-63767.0
2018-04-13 11:25,-63367.0
2018-04-13 11:26,-62867.0
2018-04-13 11:27,-58476.0
2018-04-13 11:28,-52776.0
2018-04-13 11:29,-51276.0
2018-04-13 11:30,-51776.0
2018-04-13 11:31,-50076.0
2018-04-13 11:32,-49476.0
2018-04-13 11:33,-48225.0
2018-04-13 11:34,-50200.0
2018-04-13 11:35,-52600.0
2018-04-13 11:36,-51000.0
2018-04-13 11:37,-47300.0
2018-04-13 11:38,-51500.0
2018-04-13 11:39,-49980.0
2018-04-13 11:40,-47280.0
2018-04-13 11:41,-52228.0
2018-04-13 11:42,-49715.0
2018-04-13 11:43,-48134.0
2018-04-13 11:44,-49034.0
2018-04-13 11:45,-45344.0
2018-04-13 11:46,-44844.0
2018-04-13 11:47,-43344.0
2018-04-13 11:48,-44944.0
2018-04-13 11:49,-46144.0
2018-04-13 11:50,-42844.0
2018-04-13 11:51,-37044.0
2018-04-13 11:52,-33540.0
2018-04-13 11:53,-21764.0
2018-04-13 11:54,-25514.0
2018-04-13 11:55,-27564.0
2018-04-13 11:56,-28664.0
2018-04-13 11:57,-27364.0
2018-04-13 11:58,-23264.0
2018-04-13 11:59,-20664.0
2018-04-13 12:00,-21964.0
2018-04-13 12:01,-19664.0
2018-04-13 12:02,-20864.0
2018-04-13 12:03,-17610.0
2018-04-13 12:04,-16410.0
2018-04-13 12:05,-18159.0
2018-04-13 12:06,-16559.0
2018-04-13 12:07,-18134.0
2018-04-13 12:08,-11634.0
2018-04-13 12:09,-12134.0
2018-04-13 12:10,-11934.0
2018-04-13 12:11,-13134.0
2018-04-13 12:12,-13134.0
2018-04-13 12:13,-11584.0
2018-04-13 12:14,-13584.0
2018-04-13 12:15,-13584.0
2018-04-13 12:16,-13584.0
2018-04-13 12:17,-12913.0
2018-04-13 12:18,-8931.0
2018-04-13 12:19,-9981.0
2018-04-13 12:21,-13781.0
2018-04-13 12:22,-13134.0
2018-04-13 12:23,-13734.0
2018-04-13 12:24,-13734.0
2018-04-13 12:25,-11874.0
2018-04-13 12:26,-8174.0
2018-04-13 12:27,-9174.0
2018-04-13 12:28,-8182.0
2018-04-13 12:29,-8672.0
2018-04-13 12:30,-7272.0
2018-04-13 12:31,-8172.0
2018-04-13 12:32,1669.0
2018-04-13 12:33,4746.0
2018-04-13 12:34,5546.0
2018-04-13 12:35,4146.0
2018-04-13 12:36,7846.0
2018-04-13 12:37,8446.0
2018-04-13 12:38,5246.0
2018-04-13 12:39,5826.0
2018-04-13 12:40,5078.0
2018-04-13 12:41,5078.0
2018-04-13 12:42,5078.0
2018-04-13 12:43,3578.0
2018-04-13 12:44,3578.0
2018-04-13 12:45,2578.0
2018-04-13 12:46,4278.0
2018-04-13 12:47,2490.0
2018-04-13 12:48,1390.0
2018-04-13 12:49,-1125.0
2018-04-13 12:50,-425.0
2018-04-13 12:51,275.0
2018-04-13 12:52,1685.0
2018-04-13 12:53,5478.0
2018-04-13 12:54,7478.0
2018-04-13 12:55,7078.0
2018-04-13 12:56,5542.0
2018-04-13 12:57,5242.0
2018-04-13 12:58,6242.0
2018-04-13 12:59,6142.0
2018-04-13 13:00,5626.0
2018-04-13 13:01,6868.0
2018-04-13 13:02,1568.0
2018-04-13 13:03,768.0
2018-04-13 13:04,468.0
2018-04-13 13:05,1168.0
2018-04-13 13:06,568.0
2018-04-13 13:07,468.0
2018-04-13 13:08,-332.0
2018-04-13 13:09,1868.0
2018-04-13 13:10,168.0
2018-04-13 13:11,968.0
2018-04-13 13:13,3769.0
2018-04-13 13:14,2369.0
2018-04-13 13:15,3986.0
2018-04-13 13:16,4286.0
2018-04-13 13:17,3586.0
2018-04-13 13:18,4986.0
2018-04-13 13:19,4286.0
2018-04-13 13:20,1066.0
2018-04-13 13:21,2106.0
2018-04-13 13:22,3306.0
2018-04-13 13:23,2856.0
2018-04-13 13:24,962.0
2018-04-13 13:25,2861.0
2018-04-13 13:26,6499.0
2018-04-13 13:27,3079.0
2018-04-13 13:28,3628.0
2018-04-13 13:29,3528.0
2018-04-13 13:30,2128.0
2018-04-13 13:31,579.0
2018-04-13 13:32,-4220.0
2018-04-13 13:33,-4220.0
2018-04-13 13:34,-5620.0
2018-04-13 13:35,-5320.0
2018-04-13 13:36,-6220.0
2018-04-13 13:37,-6820.0
2018-04-13 13:38,-3820.0
2018-04-13 13:39,-3920.0
2018-04-13 13:40,-4120.0
2018-04-13 13:41,-2388.0
2018-04-13 13:43,-2738.0
2018-04-13 13:44,-3538.0
2018-04-13 13:45,-1840.0
2018-04-13 13:46,-2040.0
2018-04-13 13:47,-2240.0
2018-04-13 13:48,-805.0
2018-04-13 13:49,-1561.0
2018-04-13 13:50,1039.0
2018-04-13 13:51,4058.0
2018-04-13 13:52,5858.0
2018-04-13 13:53,4453.0
2018-04-13 13:54,3279.0
2018-04-13 13:55,8979.0
2018-04-13 13:56,8879.0
2018-04-13 13:57,8079.0
2018-04-13 13:58,4779.0
2018-04-13 13:59,109969.0
2018-04-13 14:00,111069.0
2018-04-13 14:01,107826.0
2018-04-13 14:02,104326.0
2018-04-13 14:03,110126.0
2018-04-13 14:04,108033.0
2018-04-13 14:05,111533.0
2018-04-13 14:06,97554.0
2018-04-13 14:07,97554.0
2018-04-13 14:08,106333.0
2018-04-13 14:09,76908.0
2018-04-13 14:10,83008.0
2018-04-13 14:11,84508.0
2018-04-13 14:12,84208.0
2018-04-13 14:13,83908.0
2018-04-13 14:14,82208.0
2018-04-13 14:15,83108.0
2018-04-13 14:16,78711.0
2018-04-13 14:17,77611.0
2018-04-13 14:18,76711.0
2018-04-13 14:19,79652.0
2018-04-13 14:20,85128.0
2018-04-13 14:21,96628.0
2018-04-13 14:22,97661.0
2018-04-13 14:23,97461.0
2018-04-13 14:24,95961.0
2018-04-13 14:25,97886.0
2018-04-13 14:26,97378.0
2018-04-13 14:27,98876.0
2018-04-13 14:28,97947.0
2018-04-13 14:29,99147.0
2018-04-13 14:30,103747.0
2018-04-13 14:31,96547.0
2018-04-13 14:32,94747.0
2018-04-13 14:33,92737.0
2018-04-13 14:34,95337.0
2018-04-13 14:35,93237.0
2018-04-13 14:36,94537.0
2018-04-13 14:37,88612.0
2018-04-13 14:38,84312.0
2018-04-13 14:39,78212.0
2018-04-13 14:40,77012.0
2018-04-13 14:41,73312.0
2018-04-13 14:42,76612.0
2018-04-13 14:43,75662.0
2018-04-13 14:44,76980.0
2018-04-13 14:45,76880.0
2018-04-13 14:46,74980.0
2018-04-13 14:47,77680.0
2018-04-13 14:48,74380.0
2018-04-13 14:49,73180.0
2018-04-13 14:50,71292.0
2018-04-13 14:51,69472.0
2018-04-13 14:52,68072.0
2018-04-13 14:53,67472.0
2018-04-13 14:54,67472.0
2018-04-13 14:55,71284.0
2018-04-13 14:56,70534.0
2018-04-13 14:57,70034.0
2018-04-13 14:58,67977.0
2018-04-13 14:59,67677.0
2018-04-13 15:00,65401.0
2018-04-13 15:01,64201.0
2018-04-13 15:02,62451.0
2018-04-13 15:03,61151.0
2018-04-13 15:04,58551.0
2018-04-13 15:05,56051.0
2018-04-13 15:06,51949.0
2018-04-13 15:07,48210.0
2018-04-13 15:08,44680.0
2018-04-13 15:09,49888.0
2018-04-13 15:10,52088.0
2018-04-13 15:11,56185.0
2018-04-13 15:12,58585.0
2018-04-13 15:13,60125.0
2018-04-13 15:14,59825.0
2018-04-13 15:15,58650.0
2018-04-13 15:16,56946.0
2018-04-13 15:17,55337.0
2018-04-13 15:18,50234.0
2018-04-13 15:19,45731.0
2018-04-13 15:20,43531.0
2018-04-13 15:21,48226.0
2018-04-13 15:22,49756.0
2018-04-13 15:23,52456.0
2018-04-13 15:24,45699.0
2018-04-13 15:25,42299.0
2018-04-13 15:26,44396.0
2018-04-13 15:27,42848.0
2018-04-13 15:28,45752.0
2018-04-13 15:29,40452.0
2018-04-13 15:30,44421.0
2018-04-13 15:31,40905.0
2018-04-13 15:32,37745.0
2018-04-13 15:33,34642.0
2018-04-13 15:34,41252.0
2018-04-13 15:35,45718.0
2018-04-13 15:36,45718.0
2018-04-13 15:37,46923.0
2018-04-13 15:38,51439.0
2018-04-13 15:39,51960.0
2018-04-13 15:40,62783.0
2018-04-13 15:41,69683.0
2018-04-13 15:42,67982.0
2018-04-13 15:43,70907.0
2018-04-13 15:44,73681.0
2018-04-13 15:45,73181.0
2018-04-13 15:46,76281.0
2018-04-13 15:47,74622.0
2018-04-13 15:48,67443.0
2018-04-13 15:49,70884.0
2018-04-13 15:50,74281.0
2018-04-13 15:51,69041.0
2018-04-13 15:52,80363.0
2018-04-13 15:53,84712.0
2018-04-13 15:54,90630.0
2018-04-13 15:55,82437.0
2018-04-13 15:56,77034.0
2018-04-13 15:57,70829.0
2018-04-13 15:58,84725.0
2018-04-13 15:59,76268.0
2018-04-13 16:00,123732.0
2018-04-16 09:30,137876.0
2018-04-16 09:31,138650.0
2018-04-16 09:32,135775.0
2018-04-16 09:33,137974.0
2018-04-16 09:34,137324.0
2018-04-16 09:35,139151.0
2018-04-16 09:36,138031.0
2018-04-16 09:37,137281.0
2018-04-16 09:38,136181.0
2018-04-16 09:39,139581.0
2018-04-16 09:40,135781.0
2018-04-16 09:41,139797.0
2018-04-16 09:42,138647.0
2018-04-16 09:43,135290.0
2018-04-16 09:44,136465.0
2018-04-16 09:45,137177.0
2018-04-16 09:46,138627.0
2018-04-16 09:47,137577.0
2018-04-16 09:48,133722.0
2018-04-16 09:49,133257.0
2018-04-16 09:50,133657.0
2018-04-16 09:51,130437.0
2018-04-16 09:52,129637.0
2018-04-16 09:53,132387.0
2018-04-16 09:54,128784.0
2018-04-16 09:55,131335.0
2018-04-16 09:56,130635.0
2018-04-16 09:57,127988.0
2018-04-16 09:58,130688.0
2018-04-16 09:59,104119.0
2018-04-16 10:00,106019.0
2018-04-16 10:01,103319.0
2018-04-16 10:02,105788.0
2018-04-16 10:03,103988.0
2018-04-16 10:04,107829.0
2018-04-16 10:05,109529.0
2018-04-16 10:06,107497.0
2018-04-16 10:07,110099.0
2018-04-16 10:08,113199.0
2018-04-16 10:09,148499.0
2018-04-16 10:10,150599.0
2018-04-16 10:11,145192.0
2018-04-16 10:12,141392.0
2018-04-16 10:13,138120.0
2018-04-16 10:14,134820.0
2018-04-16 10:15,134920.0
2018-04-16 10:16,126949.0
2018-04-16 10:17,124464.0
2018-04-16 10:18,121808.0
2018-04-16 10:19,125032.0
2018-04-16 10:20,124587.0
2018-04-16 10:21,126587.0
2018-04-16 10:22,129184.0
2018-04-16 10:23,132040.0
2018-04-16 10:24,144940.0
2018-04-16 10:25,143240.0
2018-04-16 10:26,142240.0
2018-04-16 10:27,132400.0
2018-04-16 10:28,136000.0
2018-04-16 10:29,133654.0
2018-04-16 10:30,131754.0
2018-04-16 10:31,132634.0
2018-04-16 10:32,131252.0
2018-04-16 10:34,130152.0
2018-04-16 10:35,129436.0
2018-04-16 10:36,127602.0
2018-04-16 10:37,107792.0
2018-04-16 10:38,111229.0
2018-04-16 10:39,111229.0
2018-04-16 10:40,113829.0
2018-04-16 10:41,117130.0
2018-04-16 10:42,114944.0
2018-04-16 10:43,114444.0
2018-04-16 10:44,115811.0
2018-04-16 10:45,117141.0
2018-04-16 10:46,115125.0
2018-04-16 10:47,114124.0
2018-04-16 10:48,111224.0
2018-04-16 10:49,109724.0
2018-04-16 10:50,107624.0
2018-04-16 10:52,106509.0
2018-04-16 10:53,104665.0
2018-04-16 10:54,106150.0
2018-04-16 10:55,107500.0
2018-04-16 10:56,106600.0
2018-04-16 10:57,106700.0
2018-04-16 10:58,109299.0
2018-04-16 10:59,108999.0
2018-04-16 11:00,107280.0
2018-04-16 11:01,108280.0
2018-04-16 11:02,109130.0
2018-04-16 11:03,112242.0
2018-04-16 11:04,109998.0
2018-04-16 11:05,105095.0
2018-04-16 11:06,107595.0
2018-04-16 11:07,106595.0
2018-04-16 11:08,107709.0
2018-04-16 11:09,108609.0
2018-04-16 11:10,107159.0
2018-04-16 11:11,105659.0
2018-04-16 11:12,102319.0
2018-04-16 11:13,99819.0
2018-04-16 11:14,99919.0
2018-04-16 11:15,107601.0
2018-04-16 11:16,104706.0
2018-04-16 11:17,107206.0
2018-04-16 11:18,106506.0
2018-04-16 11:19,104796.0
2018-04-16 11:20,106296.0
2018-04-16 11:21,112225.0
2018-04-16 11:22,100522.0
2018-04-16 11:23,106422.0
2018-04-16 11:24,108798.0
2018-04-16 11:25,105698.0
2018-04-16 11:26,104698.0
2018-04-16 11:27,101815.0
2018-04-16 11:28,105315.0
2018-04-16 11:29,92615.0
2018-04-16 11:30,96215.0
2018-04-16 11:31,93829.0
2018-04-16 11:32,98185.0
2018-04-16 11:33,99519.0
2018-04-16 11:34,101683.0
2018-04-16 11:35,102883.0
2018-04-16 11:36,102883.0
2018-04-16 11:37,105388.0
2018-04-16 11:38,103088.0
2018-04-16 11:39,104688.0
2018-04-16 11:40,105888.0
2018-04-16 11:41,105288.0
2018-04-16 11:42,103088.0
2018-04-16 11:43,104688.0
2018-04-16 11:44,106888.0
2018-04-16 11:45,108435.0
2018-04-16 11:47,104909.0
2018-04-16 11:49,104809.0
2018-04-16 11:50,103584.0
2018-04-16 11:51,106084.0
2018-04-16 11:52,103561.0
2018-04-16 11:53,104953.0
2018-04-16 11:54,106253.0
2018-04-16 11:55,104053.0
2018-04-16 11:56,106453.0
2018-04-16 11:57,107253.0
2018-04-16 11:58,106578.0
2018-04-16 11:59,107478.0
2018-04-16 12:00,108378.0
2018-04-16 12:01,108978.0
2018-04-16 12:03,109078.0
2018-04-16 12:04,107078.0
2018-04-16 12:05,104375.0
2018-04-16 12:06,109362.0
2018-04-16 12:07,108262.0
2018-04-16 12:08,110562.0
2018-04-16 12:09,112555.0
2018-04-16 12:10,113655.0
2018-04-16 12:11,113755.0
2018-04-16 12:12,110755.0
2018-04-16 12:13,113055.0
2018-04-16 12:14,117455.0
2018-04-16 12:15,113155.0
2018-04-16 12:16,113155.0
2018-04-16 12:17,111455.0
2018-04-16 12:18,110055.0
2018-04-16 12:19,113162.0
2018-04-16 12:20,111412.0
2018-04-16 12:21,110312.0
2018-04-16 12:22,109287.0
2018-04-16 12:23,104256.0
2018-04-16 12:24,107147.0
2018-04-16 12:25,107904.0
2018-04-16 12:26,107904.0
2018-04-16 12:27,108204.0
2018-04-16 12:28,110304.0
2018-04-16 12:29,105086.0
2018-04-16 12:30,106886.0
2018-04-16 12:31,111037.0
2018-04-16 12:32,109637.0
2018-04-16 12:33,114737.0
2018-04-16 12:34,109637.0
2018-04-16 12:35,106329.0
2018-04-16 12:36,103729.0
2018-04-16 12:37,101129.0
2018-04-16 12:38,100009.0
2018-04-16 12:39,101709.0
2018-04-16 12:40,104002.0
2018-04-16 12:41,102602.0
2018-04-16 12:42,103002.0
2018-04-16 12:43,106752.0
2018-04-16 12:44,106152.0
2018-04-16 12:45,104777.0
2018-04-16 12:46,116312.0
2018-04-16 12:47,116512.0
2018-04-16 12:48,104612.0
2018-04-16 12:49,106635.0
2018-04-16 12:50,104472.0
2018-04-16 12:51,106772.0
2018-04-16 12:52,107772.0
2018-04-16 12:53,108572.0
2018-04-16 12:54,110319.0
2018-04-16 12:55,108593.0
2018-04-16 12:56,108693.0
2018-04-16 12:57,107740.0
2018-04-16 12:58,109840.0
2018-04-16 12:59,108275.0
2018-04-16 13:00,107675.0
2018-04-16 13:03,84771.0
2018-04-16 13:04,85346.0
2018-04-16 13:05,84846.0
2018-04-16 13:06,84346.0
2018-04-16 13:07,88346.0
2018-04-16 13:09,85346.0
2018-04-16 13:10,87546.0
2018-04-16 13:11,87446.0
2018-04-16 13:12,86846.0
2018-04-16 13:13,87390.0
2018-04-16 13:14,91017.0
2018-04-16 13:15,94883.0
2018-04-16 13:16,93813.0
2018-04-16 13:17,92913.0
2018-04-16 13:18,91313.0
2018-04-16 13:19,91413.0
2018-04-16 13:20,91613.0
2018-04-16 13:21,90367.0
2018-04-16 13:22,89717.0
2018-04-16 13:23,93940.0
2018-04-16 13:24,93240.0
2018-04-16 13:25,94149.0
2018-04-16 13:26,93362.0
2018-04-16 13:27,91896.0
2018-04-16 13:28,92296.0
2018-04-16 13:29,89946.0
2018-04-16 13:30,91173.0
2018-04-16 13:31,91466.0
2018-04-16 13:32,93166.0
2018-04-16 13:33,92066.0
2018-04-16 13:34,90166.0
2018-04-16 13:35,91966.0
2018-04-16 13:36,91066.0
2018-04-16 13:37,91966.0
2018-04-16 13:38,92666.0
2018-04-16 13:39,91066.0
2018-04-16 13:40,94166.0
2018-04-16 13:41,93266.0
2018-04-16 13:42,100547.0
2018-04-16 13:43,85969.0
2018-04-16 13:44,73437.0
2018-04-16 13:45,73637.0
2018-04-16 13:46,74737.0
2018-04-16 13:47,76538.0
2018-04-16 13:49,73538.0
2018-04-16 13:50,74838.0
2018-04-16 13:51,74438.0
2018-04-16 13:52,75288.0
2018-04-16 13:53,73888.0
2018-04-16 13:54,73788.0
2018-04-16 13:56,72558.0
2018-04-16 13:57,72158.0
2018-04-16 13:58,71058.0
2018-04-16 13:59,74558.0
2018-04-16 14:00,74058.0
2018-04-16 14:01,75358.0
2018-04-16 14:03,74258.0
2018-04-16 14:04,72258.0
2018-04-16 14:05,70158.0
2018-04-16 14:06,72361.0
2018-04-16 14:07,71561.0
2018-04-16 14:08,74256.0
2018-04-16 14:09,73856.0
2018-04-16 14:10,75856.0
2018-04-16 14:11,75256.0
2018-04-16 14:12,74456.0
2018-04-16 14:13,75924.0
2018-04-16 14:14,73556.0
2018-04-16 14:15,72694.0
2018-04-16 14:16,74894.0
2018-04-16 14:17,72794.0
2018-04-16 14:18,73974.0
2018-04-16 14:19,72024.0
2018-04-16 14:20,71024.0
2018-04-16 14:21,71724.0
2018-04-16 14:22,72454.0
2018-04-16 14:23,69923.0
2018-04-16 14:24,71523.0
2018-04-16 14:25,70923.0
2018-04-16 14:26,66809.0
2018-04-16 14:27,73690.0
2018-04-16 14:28,73190.0
2018-04-16 14:29,73590.0
2018-04-16 14:30,73490.0
2018-04-16 14:31,76190.0
2018-04-16 14:32,79554.0
2018-04-16 14:33,79129.0
2018-04-16 14:34,77912.0
2018-04-16 14:35,78712.0
2018-04-16 14:36,74040.0
2018-04-16 14:37,75940.0
2018-04-16 14:38,75540.0
2018-04-16 14:39,75540.0
2018-04-16 14:40,76631.0
2018-04-16 14:41,76231.0
2018-04-16 14:42,75431.0
2018-04-16 14:43,72831.0
2018-04-16 14:44,70666.0
2018-04-16 14:45,72766.0
2018-04-16 14:46,72766.0
2018-04-16 14:47,73566.0
2018-04-16 14:48,72866.0
2018-04-16 14:49,73649.0
2018-04-16 14:50,72270.0
2018-04-16 14:51,73370.0
2018-04-16 14:52,73670.0
2018-04-16 14:53,75820.0
2018-04-16 14:54,74886.0
2018-04-16 14:55,73986.0
2018-04-16 14:56,75486.0
2018-04-16 14:57,76586.0
2018-04-16 14:58,76386.0
2018-04-16 14:59,77186.0
2018-04-16 15:00,77186.0
2018-04-16 15:01,78386.0
2018-04-16 15:02,80586.0
2018-04-16 15:03,81970.0
2018-04-16 15:04,83370.0
2018-04-16 15:05,83970.0
2018-04-16 15:06,83075.0
2018-04-16 15:07,81515.0
2018-04-16 15:08,81215.0
2018-04-16 15:09,82115.0
2018-04-16 15:10,83215.0
2018-04-16 15:11,83315.0
2018-04-16 15:13,83915.0
2018-04-16 15:14,81179.0
2018-04-16 15:15,83579.0
2018-04-16 15:16,82019.0
2018-04-16 15:17,80208.0
2018-04-16 15:18,79808.0
2018-04-16 15:19,78708.0
2018-04-16 15:20,81008.0
2018-04-16 15:21,81908.0
2018-04-16 15:22,80508.0
2018-04-16 15:23,80408.0
2018-04-16 15:24,83269.0
2018-04-16 15:25,84587.0
2018-04-16 15:26,83287.0
2018-04-16 15:27,85206.0
2018-04-16 15:28,84506.0
2018-04-16 15:29,85206.0
2018-04-16 15:30,85206.0
2018-04-16 15:31,89006.0
2018-04-16 15:32,89906.0
2018-04-16 15:33,89906.0
2018-04-16 15:34,87806.0
2018-04-16 15:35,87806.0
2018-04-16 15:36,85556.0
2018-04-16 15:37,84356.0
2018-04-16 15:38,82756.0
2018-04-16 15:39,85032.0
2018-04-16 15:40,85947.0
2018-04-16 15:41,87847.0
2018-04-16 15:42,90647.0
2018-04-16 15:43,93351.0
2018-04-16 15:44,94251.0
2018-04-16 15:45,97992.0
2018-04-16 15:46,95192.0
2018-04-16 15:47,96992.0
2018-04-16 15:48,92102.0
2018-04-16 15:49,89813.0
2018-04-16 15:50,92013.0
2018-04-16 15:51,94113.0
2018-04-16 15:52,96878.0
2018-04-16 15:53,91967.0
2018-04-16 15:54,88195.0
2018-04-16 15:55,85069.0
2018-04-16 15:56,89204.0
2018-04-16 15:57,94831.0
2018-04-16 15:58,100922.0
2018-04-16 15:59,92730.0
2018-04-16 16:00,-133146.0
2018-04-17 09:30,-115856.0
2018-04-17 09:31,-119806.0
2018-04-17 09:32,-107706.0
2018-04-17 09:33,-98736.0
2018-04-17 09:34,-107307.0
2018-04-17 09:35,-107057.0
2018-04-17 09:36,-126116.0
2018-04-17 09:37,-122816.0
2018-04-17 09:38,-124316.0
2018-04-17 09:39,-122766.0
2018-04-17 09:40,-122041.0
2018-04-17 09:41,-121441.0
2018-04-17 09:42,-131441.0
2018-04-17 09:43,-133979.0
2018-04-17 09:44,-132079.0
2018-04-17 09:45,-129579.0
2018-04-17 09:46,-121456.0
2018-04-17 09:47,-116535.0
2018-04-17 09:48,-100711.0
2018-04-17 09:49,-105161.0
2018-04-17 09:50,-109514.0
2018-04-17 09:51,-112914.0
2018-04-17 09:52,-115414.0
2018-04-17 09:53,-115714.0
2018-04-17 09:54,-115834.0
2018-04-17 09:55,-112267.0
2018-04-17 09:56,-110227.0
2018-04-17 09:57,-113377.0
2018-04-17 09:58,-113577.0
2018-04-17 09:59,-118677.0
2018-04-17 10:00,-109848.0
2018-04-17 10:01,-107348.0
2018-04-17 10:02,-106657.0
2018-04-17 10:03,-67807.0
2018-04-17 10:04,-70306.0
2018-04-17 10:05,-66650.0
2018-04-17 10:06,-63683.0
2018-04-17 10:07,-57133.0
2018-04-17 10:08,-54819.0
2018-04-17 10:09,-52019.0
2018-04-17 10:10,-49706.0
2018-04-17 10:11,-39006.0
2018-04-17 10:12,-41542.0
2018-04-17 10:13,-41292.0
2018-04-17 10:14,-36467.0
2018-04-17 10:15,-33817.0
2018-04-17 10:16,-27614.0
2018-04-17 10:17,-29914.0
2018-04-17 10:18,-19413.0
2018-04-17 10:19,-26486.0
2018-04-17 10:20,-23102.0
2018-04-17 10:21,-24408.0
2018-04-17 10:22,-19742.0
2018-04-17 10:23,-26642.0
2018-04-17 10:24,-27342.0
2018-04-17 10:25,-24242.0
2018-04-17 10:26,-27942.0
2018-04-17 10:27,-26402.0
2018-04-17 10:28,-28702.0
2018-04-17 10:29,-27182.0
2018-04-17 10:30,-32985.0
2018-04-17 10:31,-41737.0
2018-04-17 10:32,-40087.0
2018-04-17 10:33,-27187.0
2018-04-17 10:34,-25131.0
2018-04-17 10:35,-22781.0
2018-04-17 10:36,-22081.0
2018-04-17 10:37,-24299.0
2018-04-17 10:38,-26299.0
2018-04-17 10:39,-27599.0
2018-04-17 10:40,-22199.0
2018-04-17 10:41,-21999.0
2018-04-17 10:42,-12678.0
2018-04-17 10:43,-13478.0
2018-04-17 10:44,-18178.0
2018-04-17 10:45,-22393.0
2018-04-17 10:46,-19493.0
2018-04-17 10:47,-21293.0
2018-04-17 10:48,-21943.0
2018-04-17 10:49,-22507.0
2018-04-17 10:50,-23092.0
2018-04-17 10:51,-19092.0
2018-04-17 10:52,-18152.0
2018-04-17 10:53,-15224.0
2018-04-17 10:54,-13017.0
2018-04-17 10:55,-12010.0
2018-04-17 10:56,-10500.0
2018-04-17 10:57,-19730.0
2018-04-17 10:58,-19530.0
2018-04-17 10:59,-16537.0
2018-04-17 11:00,-16937.0
2018-04-17 11:01,-6835.0
2018-04-17 11:02,-1771.0
2018-04-17 11:03,-4256.0
2018-04-17 11:04,-2956.0
2018-04-17 11:05,-1356.0
2018-04-17 11:06,-4206.0
2018-04-17 11:07,-6366.0
2018-04-17 11:08,-4562.0
2018-04-17 11:09,-7415.0
2018-04-17 11:10,-11215.0
2018-04-17 11:11,-17315.0
2018-04-17 11:12,-18615.0
2018-04-17 11:13,-11980.0
2018-04-17 11:14,-13480.0
2018-04-17 11:15,-16680.0
2018-04-17 11:16,-16380.0
2018-04-17 11:17,-18380.0
2018-04-17 11:18,-24250.0
2018-04-17 11:19,-26350.0
2018-04-17 11:20,-26550.0
2018-04-17 11:21,-25350.0
2018-04-17 11:22,-25350.0
2018-04-17 11:23,-24150.0
2018-04-17 11:24,-23050.0
2018-04-17 11:25,-23250.0
2018-04-17 11:26,-21976.0
2018-04-17 11:27,-22976.0
2018-04-17 11:28,-20476.0
2018-04-17 11:29,-22976.0
2018-04-17 11:30,-24256.0
2018-04-17 11:31,-24156.0
2018-04-17 11:32,-25856.0
2018-04-17 11:33,-24506.0
2018-04-17 11:34,-30746.0
2018-04-17 11:35,-31657.0
2018-04-17 11:36,-30157.0
2018-04-17 11:37,-25713.0
2018-04-17 11:38,-36372.0
2018-04-17 11:39,-31884.0
2018-04-17 11:40,-30947.0
2018-04-17 11:41,-31671.0
2018-04-17 11:42,-32871.0
2018-04-17 11:43,-35794.0
2018-04-17 11:44,-32639.0
2018-04-17 11:45,-27039.0
2018-04-17 11:46,-26839.0
2018-04-17 11:47,-8542.0
2018-04-17 11:48,-43012.0
2018-04-17 11:49,-38830.0
2018-04-17 11:50,-52980.0
2018-04-17 11:51,-94798.0
2018-04-17 11:52,-89790.0
2018-04-17 11:53,-91790.0
2018-04-17 11:54,-88810.0
2018-04-17 11:55,-81330.0
2018-04-17 11:56,-73413.0
2018-04-17 11:57,-74313.0
2018-04-17 11:58,-76413.0
2018-04-17 11:59,-76413.0
2018-04-17 12:00,-75076.0
2018-04-17 12:01,-73776.0
2018-04-17 12:02,-73776.0
2018-04-17 12:03,-72341.0
2018-04-17 12:04,-74241.0
2018-04-17 12:05,-74041.0
2018-04-17 12:06,-74741.0
2018-04-17 12:07,-70663.0
2018-04-17 12:08,-66363.0
2018-04-17 12:09,-66263.0
2018-04-17 12:10,-62663.0
2018-04-17 12:11,-63863.0
2018-04-17 12:12,-63192.0
2018-04-17 12:13,-61992.0
2018-04-17 12:14,-60442.0
2018-04-17 12:15,-60442.0
2018-04-17 12:16,-61242.0
2018-04-17 12:17,-61643.0
2018-04-17 12:18,-60143.0
2018-04-17 12:19,-60143.0
2018-04-17 12:20,-59343.0
2018-04-17 12:21,-58556.0
2018-04-17 12:22,-62056.0
2018-04-17 12:23,-62885.0
2018-04-17 12:24,-62695.0
2018-04-17 12:25,-61495.0
2018-04-17 12:26,-61795.0
2018-04-17 12:27,-62995.0
2018-04-17 12:28,-62495.0
2018-04-17 12:29,-63095.0
2018-04-17 12:30,-62395.0
2018-04-17 12:31,-63270.0
2018-04-17 12:32,-62236.0
2018-04-17 12:33,-63077.0
2018-04-17 12:34,-63077.0
2018-04-17 12:35,-63477.0
2018-04-17 12:36,-64177.0
2018-04-17 12:37,-71089.0
2018-04-17 12:39,-71289.0
2018-04-17 12:40,-69069.0
2018-04-17 12:41,-70015.0
2018-04-17 12:42,-69215.0
2018-04-17 12:43,-69415.0
2018-04-17 12:44,-68915.0
2018-04-17 12:45,-69515.0
2018-04-17 12:46,-70015.0
2018-04-17 12:47,-70015.0
2018-04-17 12:49,-70015.0
2018-04-17 12:51,-69615.0
2018-04-17 12:53,-69243.0
2018-04-17 12:54,-74668.0
2018-04-17 12:55,-76068.0
2018-04-17 12:56,-76068.0
2018-04-17 12:57,-76868.0
2018-04-17 12:58,-78068.0
2018-04-17 12:59,-61268.0
2018-04-17 13:00,-61168.0
2018-04-17 13:01,-61168.0
2018-04-17 13:05,-60318.0
2018-04-17 13:06,-61818.0
2018-04-17 13:07,-63342.0
2018-04-17 13:08,-62942.0
2018-04-17 13:09,-65402.0
2018-04-17 13:10,-66402.0
2018-04-17 13:11,-64202.0
2018-04-17 13:12,-63902.0
2018-04-17 13:14,-66702.0
2018-04-17 13:15,-66702.0
2018-04-17 13:16,-69510.0
2018-04-17 13:17,-68310.0
2018-04-17 13:18,-71410.0
2018-04-17 13:19,-70610.0
2018-04-17 13:20,-71610.0
2018-04-17 13:21,-68810.0
2018-04-17 13:22,-66236.0
2018-04-17 13:23,-65259.0
2018-04-17 13:24,-62359.0
2018-04-17 13:25,-68421.0
2018-04-17 13:26,-68221.0
2018-04-17 13:27,-70221.0
2018-04-17 13:30,-68831.0
2018-04-17 13:31,-72609.0
2018-04-17 13:32,-71809.0
2018-04-17 13:33,-71909.0
2018-04-17 13:35,-70509.0
2018-04-17 13:36,-76957.0
2018-04-17 13:37,-93357.0
2018-04-17 13:38,-94097.0
2018-04-17 13:39,-94197.0
2018-04-17 13:40,-90946.0
2018-04-17 13:41,-90846.0
2018-04-17 13:42,-91746.0
2018-04-17 13:43,-92446.0
2018-04-17 13:44,-92746.0
2018-04-17 13:46,-91522.0
2018-04-17 13:47,-91649.0
2018-04-17 13:48,-89649.0
2018-04-17 13:49,-90549.0
2018-04-17 13:50,-92549.0
2018-04-17 13:51,-96480.0
2018-04-17 13:52,-93380.0
2018-04-17 13:53,-87899.0
2018-04-17 13:54,-86371.0
2018-04-17 13:55,-83051.0
2018-04-17 13:56,-80251.0
2018-04-17 13:57,-80851.0
2018-04-17 13:58,-77691.0
2018-04-17 13:59,-77991.0
2018-04-17 14:00,-75062.0
2018-04-17 14:01,-71162.0
2018-04-17 14:02,-69663.0
2018-04-17 14:03,-72483.0
2018-04-17 14:04,-73144.0
2018-04-17 14:05,-73344.0
2018-04-17 14:06,-75078.0
2018-04-17 14:07,-76878.0
2018-04-17 14:08,-79078.0
2018-04-17 14:09,-79278.0
2018-04-17 14:10,-79778.0
2018-04-17 14:11,-81509.0
2018-04-17 14:12,-82019.0
2018-04-17 14:13,-78105.0
2018-04-17 14:14,-78305.0
2018-04-17 14:15,-78305.0
2018-04-17 14:16,-76405.0
2018-04-17 14:17,-75627.0
2018-04-17 14:18,-75227.0
2018-04-17 14:19,-76127.0
2018-04-17 14:20,-76627.0
2018-04-17 14:21,-76527.0
2018-04-17 14:22,-77727.0
2018-04-17 14:23,-76427.0
2018-04-17 14:24,-76727.0
2018-04-17 14:26,-78673.0
2018-04-17 14:27,-76973.0
2018-04-17 14:28,-77473.0
2018-04-17 14:29,-77273.0
2018-04-17 14:30,-77773.0
2018-04-17 14:32,-78507.0
2018-04-17 14:33,-76357.0
2018-04-17 14:35,-76782.0
2018-04-17 14:36,-74982.0
2018-04-17 14:37,-74682.0
2018-04-17 14:38,-73773.0
2018-04-17 14:39,-73173.0
2018-04-17 14:40,-71873.0
2018-04-17 14:42,-71448.0
2018-04-17 14:43,-71448.0
2018-04-17 14:44,-71048.0
2018-04-17 14:45,-69398.0
2018-04-17 14:46,-69198.0
2018-04-17 14:47,-66966.0
2018-04-17 14:48,-67066.0
2018-04-17 14:49,-63966.0
2018-04-17 14:51,-64566.0
2018-04-17 14:52,-65166.0
2018-04-17 14:53,-64266.0
2018-04-17 14:54,-64947.0
2018-04-17 14:55,-68997.0
2018-04-17 14:56,-69997.0
2018-04-17 14:57,-70397.0
2018-04-17 14:58,-70397.0
2018-04-17 14:59,-70797.0
2018-04-17 15:00,-69382.0
2018-04-17 15:01,-69882.0
2018-04-17 15:02,-68734.0
2018-04-17 15:03,-68234.0
2018-04-17 15:04,-75339.0
2018-04-17 15:05,-77050.0
2018-04-17 15:06,-77950.0
2018-04-17 15:07,-74180.0
2018-04-17 15:08,-74430.0
2018-04-17 15:09,-74730.0
2018-04-17 15:10,-73976.0
2018-04-17 15:11,-73376.0
2018-04-17 15:12,-73676.0
2018-04-17 15:13,-73576.0
2018-04-17 15:14,-72076.0
2018-04-17 15:15,-75801.0
2018-04-17 15:16,-76601.0
2018-04-17 15:17,-74883.0
2018-04-17 15:18,-72883.0
2018-04-17 15:19,-69548.0
2018-04-17 15:20,-70648.0
2018-04-17 15:21,-69776.0
2018-04-17 15:22,-67926.0
2018-04-17 15:23,-65676.0
2018-04-17 15:24,-66126.0
2018-04-17 15:25,-66126.0
2018-04-17 15:26,-68326.0
2018-04-17 15:27,-68726.0
2018-04-17 15:28,-65959.0
2018-04-17 15:29,-66967.0
2018-04-17 15:30,-63803.0
2018-04-17 15:31,-67203.0
2018-04-17 15:32,-66014.0
2018-04-17 15:33,-64666.0
2018-04-17 15:34,-66566.0
2018-04-17 15:35,-68316.0
2018-04-17 15:36,-70016.0
2018-04-17 15:37,-67766.0
2018-04-17 15:38,-66866.0
2018-04-17 15:39,-71458.0
2018-04-17 15:40,-64008.0
2018-04-17 15:41,-35428.0
2018-04-17 15:42,-24328.0
2018-04-17 15:43,-30919.0
2018-04-17 15:44,-25607.0
2018-04-17 15:45,-23207.0
2018-04-17 15:46,-30489.0
2018-04-17 15:47,-24708.0
2018-04-17 15:48,-17407.0
2018-04-17 15:49,-12096.0
2018-04-17 15:50,1635.0
2018-04-17 15:51,-11665.0
2018-04-17 15:52,-15174.0
2018-04-17 15:53,-27860.0
2018-04-17 15:54,-25313.0
2018-04-17 15:55,-17776.0
2018-04-17 15:56,-25947.0
2018-04-17 15:57,-31247.0
2018-04-17 15:58,-21603.0
2018-04-17 15:59,-21603.0
2018-04-17 16:00,-129921.0
2018-04-18 09:30,-146630.0
2018-04-18 09:31,-147575.0
2018-04-18 09:32,-150708.0
2018-04-18 09:33,-149383.0
2018-04-18 09:34,-152383.0
2018-04-18 09:35,-173891.0
2018-04-18 09:36,-161202.0
2018-04-18 09:37,-172677.0
2018-04-18 09:38,-170876.0
2018-04-18 09:39,-181851.0
2018-04-18 09:40,-190198.0
2018-04-18 09:41,-194496.0
2018-04-18 09:42,-191990.0
2018-04-18 09:43,-185644.0
2018-04-18 09:44,-192703.0
2018-04-18 09:45,-206699.0
2018-04-18 09:46,-208449.0
2018-04-18 09:47,-209949.0
2018-04-18 09:48,-206970.0
2018-04-18 09:49,-204870.0
2018-04-18 09:50,-203970.0
2018-04-18 09:51,-201770.0
2018-04-18 09:52,-198204.0
2018-04-18 09:53,-197904.0
2018-04-18 09:54,-191898.0
2018-04-18 09:55,-196039.0
2018-04-18 09:56,-210071.0
2018-04-18 09:57,-215411.0
2018-04-18 09:58,-200025.0
2018-04-18 09:59,-198825.0
2018-04-18 10:00,-199675.0
2018-04-18 10:01,-201309.0
2018-04-18 10:02,-204209.0
2018-04-18 10:03,-205609.0
2018-04-18 10:04,-205009.0
2018-04-18 10:05,-216523.0
2018-04-18 10:06,-214212.0
2018-04-18 10:07,-221861.0
2018-04-18 10:08,-227402.0
2018-04-18 10:09,-227802.0
2018-04-18 10:10,-226476.0
2018-04-18 10:11,-228176.0
2018-04-18 10:12,-230854.0
2018-04-18 10:13,-233402.0
2018-04-18 10:14,-236102.0
2018-04-18 10:15,-236102.0
2018-04-18 10:16,-234899.0
2018-04-18 10:17,-231250.0
2018-04-18 10:18,-227582.0
2018-04-18 10:19,-224482.0
2018-04-18 10:20,-223632.0
2018-04-18 10:21,-221932.0
2018-04-18 10:22,-224032.0
2018-04-18 10:23,-222890.0
2018-04-18 10:24,-219976.0
2018-04-18 10:25,-219188.0
2018-04-18 10:26,-224283.0
2018-04-18 10:27,-224983.0
2018-04-18 10:28,-229383.0
2018-04-18 10:29,-230283.0
2018-04-18 10:30,-229358.0
2018-04-18 10:31,-229258.0
2018-04-18 10:32,-226358.0
2018-04-18 10:33,-225058.0
2018-04-18 10:34,-234172.0
2018-04-18 10:35,-235372.0
2018-04-18 10:36,-233674.0
2018-04-18 10:37,-233474.0
2018-04-18 10:38,-229054.0
2018-04-18 10:39,-228354.0
2018-04-18 10:40,-227929.0
2018-04-18 10:41,-226704.0
2018-04-18 10:42,-225104.0
2018-04-18 10:43,-229004.0
2018-04-18 10:44,-228504.0
2018-04-18 10:45,-226904.0
2018-04-18 10:46,-227154.0
2018-04-18 10:47,-230867.0
2018-04-18 10:48,-231467.0
2018-04-18 10:49,-230867.0
2018-04-18 10:50,-230467.0
2018-04-18 10:51,-230067.0
2018-04-18 10:52,-233367.0
2018-04-18 10:53,-232967.0
2018-04-18 10:54,-232067.0
2018-04-18 10:55,-232067.0
2018-04-18 10:56,-231367.0
2018-04-18 10:57,-229667.0
2018-04-18 10:58,-233352.0
2018-04-18 10:59,-235052.0
2018-04-18 11:00,-235052.0
2018-04-18 11:02,-227502.0
2018-04-18 11:03,-230802.0
2018-04-18 11:04,-230202.0
2018-04-18 11:05,-229902.0
2018-04-18 11:06,-231297.0
2018-04-18 11:07,-230097.0
2018-04-18 11:08,-228341.0
2018-04-18 11:09,-224941.0
2018-04-18 11:10,-230103.0
2018-04-18 11:11,-231103.0
2018-04-18 11:12,-235138.0
2018-04-18 11:15,-234416.0
2018-04-18 11:16,-239028.0
2018-04-18 11:17,-240028.0
2018-04-18 11:18,-238228.0
2018-04-18 11:19,-237628.0
2018-04-18 11:20,-236178.0
2018-04-18 11:21,-235571.0
2018-04-18 11:22,-235571.0
2018-04-18 11:23,-233771.0
2018-04-18 11:24,-233071.0
2018-04-18 11:25,-240840.0
2018-04-18 11:27,-240740.0
2018-04-18 11:28,-237944.0
2018-04-18 11:29,-237844.0
2018-04-18 11:30,-239424.0
2018-04-18 11:31,-241739.0
2018-04-18 11:32,-241867.0
2018-04-18 11:33,-240567.0
2018-04-18 11:35,-239267.0
2018-04-18 11:37,-238285.0
2018-04-18 11:38,-238585.0
2018-04-18 11:39,-239987.0
2018-04-18 11:40,-240087.0
2018-04-18 11:41,-239487.0
2018-04-18 11:42,-239987.0
2018-04-18 11:43,-240587.0
2018-04-18 11:44,-241364.0
2018-04-18 11:45,-243164.0
2018-04-18 11:46,-243364.0
2018-04-18 11:47,-244464.0
2018-04-18 11:48,-248812.0
2018-04-18 11:49,-246183.0
2018-04-18 11:50,-253216.0
2018-04-18 11:51,-252416.0
2018-04-18 11:52,-248709.0
2018-04-18 11:53,-247709.0
2018-04-18 11:55,-247322.0
2018-04-18 11:56,-247022.0
2018-04-18 11:57,-248522.0
2018-04-18 11:58,-247822.0
2018-04-18 11:59,-248672.0
2018-04-18 12:00,-249872.0
2018-04-18 12:01,-249672.0
2018-04-18 12:02,-249472.0
2018-04-18 12:03,-248498.0
2018-04-18 12:04,-244217.0
2018-04-18 12:05,-242817.0
2018-04-18 12:06,-243417.0
2018-04-18 12:07,-244117.0
2018-04-18 12:08,-243917.0
2018-04-18 12:09,-243417.0
2018-04-18 12:10,-240042.0
2018-04-18 12:11,-238767.0
2018-04-18 12:12,-243176.0
2018-04-18 12:13,-244876.0
2018-04-18 12:14,-239927.0
2018-04-18 12:15,-240227.0
2018-04-18 12:16,-242327.0
2018-04-18 12:17,-241427.0
2018-04-18 12:19,-240427.0
2018-04-18 12:20,-237022.0
2018-04-18 12:21,-242065.0
2018-04-18 12:22,-244065.0
2018-04-18 12:23,-237877.0
2018-04-18 12:24,-237877.0
2018-04-18 12:25,-236777.0
2018-04-18 12:26,-238477.0
2018-04-18 12:27,-243453.0
2018-04-18 12:28,-243453.0
2018-04-18 12:29,-243653.0
2018-04-18 12:30,-245453.0
2018-04-18 12:31,-245353.0
2018-04-18 12:32,-247147.0
2018-04-18 12:33,-245447.0
2018-04-18 12:34,-244732.0
2018-04-18 12:35,-246241.0
2018-04-18 12:36,-246341.0
2018-04-18 12:37,-247891.0
2018-04-18 12:38,-248091.0
2018-04-18 12:39,-251565.0
2018-04-18 12:40,-246128.0
2018-04-18 12:41,-250098.0
2018-04-18 12:42,-250098.0
2018-04-18 12:43,-259376.0
2018-04-18 12:44,-258846.0
2018-04-18 12:45,-259446.0
2018-04-18 12:46,-260946.0
2018-04-18 12:47,-260846.0
2018-04-18 12:48,-261046.0
2018-04-18 12:49,-261946.0
2018-04-18 12:50,-261046.0
2018-04-18 12:51,-261046.0
2018-04-18 12:52,-261446.0
2018-04-18 12:53,-261646.0
2018-04-18 12:54,-262475.0
2018-04-18 12:55,-263438.0
2018-04-18 12:56,-263049.0
2018-04-18 12:57,-262349.0
2018-04-18 12:58,-261649.0
2018-04-18 12:59,-261449.0
2018-04-18 13:00,-260549.0
2018-04-18 13:01,-261149.0
2018-04-18 13:02,-261549.0
2018-04-18 13:04,-261249.0
2018-04-18 13:06,-261249.0
2018-04-18 13:07,-261249.0
2018-04-18 13:09,-260849.0
2018-04-18 13:10,-263681.0
2018-04-18 13:11,-263481.0
2018-04-18 13:12,-263581.0
2018-04-18 13:13,-262281.0
2018-04-18 13:14,-261881.0
2018-04-18 13:16,-262081.0
2018-04-18 13:17,-264481.0
2018-04-18 13:20,-264481.0
2018-04-18 13:21,-259580.0
2018-04-18 13:22,-259180.0
2018-04-18 13:23,-260580.0
2018-04-18 13:24,-260480.0
2018-04-18 13:25,-257680.0
2018-04-18 13:27,-255330.0
2018-04-18 13:28,-256430.0
2018-04-18 13:29,-259407.0
2018-04-18 13:30,-257407.0
2018-04-18 13:31,-256891.0
2018-04-18 13:32,-255291.0
2018-04-18 13:33,-258310.0
2018-04-18 13:35,-257006.0
2018-04-18 13:36,-257206.0
2018-04-18 13:38,-255506.0
2018-04-18 13:40,-255806.0
2018-04-18 13:41,-258706.0
2018-04-18 13:43,-258706.0
2018-04-18 13:44,-265098.0
2018-04-18 13:45,-268399.0
2018-04-18 13:46,-268899.0
2018-04-18 13:47,-268669.0
2018-04-18 13:49,-268569.0
2018-04-18 13:50,-270069.0
2018-04-18 13:52,-269543.0
2018-04-18 13:53,-268943.0
2018-04-18 13:54,-268943.0
2018-04-18 13:55,-269143.0
2018-04-18 13:57,-267743.0
2018-04-18 13:58,-268343.0
2018-04-18 13:59,-270643.0
2018-04-18 14:00,-271243.0
2018-04-18 14:01,-273243.0
2018-04-18 14:02,-273043.0
2018-04-18 14:03,-273043.0
2018-04-18 14:04,-272682.0
2018-04-18 14:05,-273804.0
2018-04-18 14:06,-271660.0
2018-04-18 14:07,-270570.0
2018-04-18 14:08,-272771.0
2018-04-18 14:09,-272083.0
2018-04-18 14:11,-271591.0
2018-04-18 14:12,-269391.0
2018-04-18 14:13,-268391.0
2018-04-18 14:14,-268291.0
2018-04-18 14:15,-268091.0
2018-04-18 14:16,-269023.0
2018-04-18 14:17,-271846.0
2018-04-18 14:19,-275136.0
2018-04-18 14:20,-274473.0
2018-04-18 14:22,-273773.0
2018-04-18 14:23,-270055.0
2018-04-18 14:24,-271057.0
2018-04-18 14:25,-273757.0
2018-04-18 14:27,-273657.0
2018-04-18 14:28,-272357.0
2018-04-18 14:30,-272257.0
2018-04-18 14:31,-271657.0
2018-04-18 14:32,-271757.0
2018-04-18 14:33,-271557.0
2018-04-18 14:34,-272857.0
2018-04-18 14:35,-271657.0
2018-04-18 14:36,-271857.0
2018-04-18 14:37,-275657.0
2018-04-18 14:38,-276957.0
2018-04-18 14:39,-275456.0
2018-04-18 14:40,-277489.0
2018-04-18 14:41,-278297.0
2018-04-18 14:42,-278097.0
2018-04-18 14:43,-279297.0
2018-04-18 14:44,-279797.0
2018-04-18 14:46,-279198.0
2018-04-18 14:47,-276806.0
2018-04-18 14:48,-280010.0
2018-04-18 14:49,-279910.0
2018-04-18 14:50,-279310.0
2018-04-18 14:51,-279010.0
2018-04-18 14:52,-278610.0
2018-04-18 14:53,-279714.0
2018-04-18 14:54,-279714.0
2018-04-18 14:55,-279314.0
2018-04-18 14:56,-278914.0
2018-04-18 14:57,-282979.0
2018-04-18 14:58,-280779.0
2018-04-18 14:59,-280256.0
2018-04-18 15:00,-284339.0
2018-04-18 15:01,-283539.0
2018-04-18 15:02,-283639.0
2018-04-18 15:03,-281710.0
2018-04-18 15:05,-281410.0
2018-04-18 15:07,-280210.0
2018-04-18 15:08,-277183.0
2018-04-18 15:09,-281056.0
2018-04-18 15:11,-284856.0
2018-04-18 15:12,-285957.0
2018-04-18 15:13,-283767.0
2018-04-18 15:14,-282667.0
2018-04-18 15:15,-283367.0
2018-04-18 15:16,-284267.0
2018-04-18 15:17,-283967.0
2018-04-18 15:18,-283567.0
2018-04-18 15:19,-282218.0
2018-04-18 15:20,-282418.0
2018-04-18 15:21,-284618.0
2018-04-18 15:22,-288546.0
2018-04-18 15:23,-290151.0
2018-04-18 15:24,-288751.0
2018-04-18 15:25,-289849.0
2018-04-18 15:26,-291949.0
2018-04-18 15:27,-291949.0
2018-04-18 15:28,-293991.0
2018-04-18 15:29,-293991.0
2018-04-18 15:30,-293591.0
2018-04-18 15:31,-296491.0
2018-04-18 15:32,-294580.0
2018-04-18 15:33,-292980.0
2018-04-18 15:34,-288942.0
2018-04-18 15:35,-287542.0
2018-04-18 15:36,-292329.0
2018-04-18 15:37,-293729.0
2018-04-18 15:38,-292429.0
2018-04-18 15:39,-294129.0
2018-04-18 15:40,-294129.0
2018-04-18 15:41,-299695.0
2018-04-18 15:42,-302367.0
2018-04-18 15:43,-299967.0
2018-04-18 15:45,-298541.0
2018-04-18 15:46,-288906.0
2018-04-18 15:47,-285306.0
2018-04-18 15:48,-284806.0
2018-04-18 15:49,-290304.0
2018-04-18 15:50,-297494.0
2018-04-18 15:51,-304294.0
2018-04-18 15:52,-313704.0
2018-04-18 15:53,-311178.0
2018-04-18 15:54,-316164.0
2018-04-18 15:55,-319213.0
2018-04-18 15:56,-312863.0
2018-04-18 15:57,-327009.0
2018-04-18 15:58,-340124.0
2018-04-18 15:59,-363948.0
2018-04-18 16:00,-281915.0
2018-04-19 09:30,-293004.0
2018-04-19 09:31,-291904.0
2018-04-19 09:32,-289945.0
2018-04-19 09:33,-295572.0
2018-04-19 09:34,-294672.0
2018-04-19 09:35,-302372.0
2018-04-19 09:36,-308315.0
2018-04-19 09:37,-297415.0
2018-04-19 09:38,-294522.0
2018-04-19 09:39,-284467.0
2018-04-19 09:40,-281762.0
2018-04-19 09:41,-283062.0
2018-04-19 09:42,-272284.0
2018-04-19 09:43,-270939.0
2018-04-19 09:44,-272762.0
2018-04-19 09:45,-274562.0
2018-04-19 09:46,-275462.0
2018-04-19 09:47,-280009.0
2018-04-19 09:48,-278609.0
2018-04-19 09:49,-276525.0
2018-04-19 09:50,-272225.0
2018-04-19 09:51,-274625.0
2018-04-19 09:52,-262635.0
2018-04-19 09:53,-252513.0
2018-04-19 09:54,-252513.0
2018-04-19 09:55,-251013.0
2018-04-19 09:56,-246013.0
2018-04-19 09:57,-242964.0
2018-04-19 09:58,-251764.0
2018-04-19 09:59,-249464.0
2018-04-19 10:00,-227279.0
2018-04-19 10:01,-224479.0
2018-04-19 10:02,-221279.0
2018-04-19 10:03,-220069.0
2018-04-19 10:04,-217969.0
2018-04-19 10:05,-214669.0
2018-04-19 10:06,-217269.0
2018-04-19 10:08,-217269.0
2018-04-19 10:09,-226672.0
2018-04-19 10:10,-236375.0
2018-04-19 10:11,-237675.0
2018-04-19 10:12,-239738.0
2018-04-19 10:13,-237038.0
2018-04-19 10:14,-240066.0
2018-04-19 10:15,-235546.0
2018-04-19 10:16,-237946.0
2018-04-19 10:17,-235746.0
2018-04-19 10:18,-231894.0
2018-04-19 10:19,-235507.0
2018-04-19 10:20,-236207.0
2018-04-19 10:21,-236090.0
2018-04-19 10:22,-239488.0
2018-04-19 10:23,-235988.0
2018-04-19 10:24,-237558.0
2018-04-19 10:25,-239158.0
2018-04-19 10:26,-235510.0
2018-04-19 10:27,-236210.0
2018-04-19 10:28,-237310.0
2018-04-19 10:29,-238934.0
2018-04-19 10:30,-236834.0
2018-04-19 10:31,-240954.0
2018-04-19 10:32,-241604.0
2018-04-19 10:33,-240804.0
2018-04-19 10:34,-238704.0
2018-04-19 10:35,-239104.0
2018-04-19 10:36,-238204.0
2018-04-19 10:37,-239708.0
2018-04-19 10:38,-240508.0
2018-04-19 10:39,-241812.0
2018-04-19 10:40,-240912.0
2018-04-19 10:41,-241512.0
2018-04-19 10:43,-240762.0
2018-04-19 10:44,-241262.0
2018-04-19 10:45,-240862.0
2018-04-19 10:46,-241262.0
2018-04-19 10:47,-243362.0
2018-04-19 10:49,-242562.0
2018-04-19 10:50,-242962.0
2018-04-19 10:51,-241862.0
2018-04-19 10:52,-241212.0
2018-04-19 10:53,-242312.0
2018-04-19 10:54,-241912.0
2018-04-19 10:55,-242012.0
2018-04-19 10:56,-242612.0
2018-04-19 10:57,-242812.0
2018-04-19 10:58,-242512.0
2018-04-19 10:59,-239812.0
2018-04-19 11:00,-238412.0
2018-04-19 11:01,-238812.0
2018-04-19 11:02,-239478.0
2018-04-19 11:03,-239578.0
2018-04-19 11:04,-241069.0
2018-04-19 11:05,-239569.0
2018-04-19 11:07,-259826.0
2018-04-19 11:08,-260426.0
2018-04-19 11:09,-270681.0
2018-04-19 11:10,-272806.0
2018-04-19 11:11,-274429.0
2018-04-19 11:12,-274229.0
2018-04-19 11:13,-274829.0
2018-04-19 11:14,-275729.0
2018-04-19 11:15,-293126.0
2018-04-19 11:16,-290954.0
2018-04-19 11:17,-293358.0
2018-04-19 11:18,-292608.0
2018-04-19 11:19,-293008.0
2018-04-19 11:20,-291758.0
2018-04-19 11:21,-292758.0
2018-04-19 11:22,-292958.0
2018-04-19 11:23,-291274.0
2018-04-19 11:24,-289174.0
2018-04-19 11:25,-286643.0
2018-04-19 11:26,-288489.0
2018-04-19 11:27,-288289.0
2018-04-19 11:29,-288639.0
2018-04-19 11:30,-290364.0
2018-04-19 11:31,-289764.0
2018-04-19 11:32,-291965.0
2018-04-19 11:33,-289861.0
2018-04-19 11:34,-291932.0
2018-04-19 11:35,-293332.0
2018-04-19 11:36,-292650.0
2018-04-19 11:37,-293650.0
2018-04-19 11:38,-287599.0
2018-04-19 11:40,-287999.0
2018-04-19 11:41,-288599.0
2018-04-19 11:42,-287099.0
2018-04-19 11:43,-285463.0
2018-04-19 11:45,-284663.0
2018-04-19 11:46,-284963.0
2018-04-19 11:49,-284963.0
2018-04-19 11:50,-283648.0
2018-04-19 11:51,-284648.0
2018-04-19 11:52,-284548.0
2018-04-19 11:53,-284648.0
2018-04-19 11:54,-284448.0
2018-04-19 11:55,-284548.0
2018-04-19 11:56,-284048.0
2018-04-19 11:58,-282648.0
2018-04-19 11:59,-285348.0
2018-04-19 12:00,-285648.0
2018-04-19 12:01,-285848.0
2018-04-19 12:02,-287748.0
2018-04-19 12:03,-287327.0
2018-04-19 12:06,-287927.0
2018-04-19 12:07,-289327.0
2018-04-19 12:08,-287827.0
2018-04-19 12:10,-287027.0
2018-04-19 12:11,-287427.0
2018-04-19 12:12,-287527.0
2018-04-19 12:13,-287227.0
2018-04-19 12:15,-286227.0
2018-04-19 12:16,-285724.0
2018-04-19 12:17,-286824.0
2018-04-19 12:18,-286075.0
2018-04-19 12:21,-285425.0
2018-04-19 12:22,-283904.0
2018-04-19 12:23,-281779.0
2018-04-19 12:24,-281229.0
2018-04-19 12:25,-281729.0
2018-04-19 12:26,-282429.0
2018-04-19 12:27,-281029.0
2018-04-19 12:29,-281729.0
2018-04-19 12:30,-283104.0
2018-04-19 12:31,-282106.0
2018-04-19 12:35,-281981.0
2018-04-19 12:36,-282281.0
2018-04-19 12:37,-283381.0
2018-04-19 12:38,-283381.0
2018-04-19 12:39,-282706.0
2018-04-19 12:41,-282706.0
2018-04-19 12:44,-283806.0
2018-04-19 12:45,-283106.0
2018-04-19 12:46,-283406.0
2018-04-19 12:47,-281506.0
2018-04-19 12:48,-281101.0
2018-04-19 12:49,-280701.0
2018-04-19 12:50,-280876.0
2018-04-19 12:51,-280576.0
2018-04-19 12:52,-280576.0
2018-04-19 12:53,-282063.0
2018-04-19 12:55,-282169.0
2018-04-19 12:56,-283069.0
2018-04-19 12:57,-283690.0
2018-04-19 12:58,-283090.0
2018-04-19 12:59,-283390.0
2018-04-19 13:00,-283890.0
2018-04-19 13:01,-284888.0
2018-04-19 13:02,-285088.0
2018-04-19 13:03,-284588.0
2018-04-19 13:04,-285388.0
2018-04-19 13:05,-285508.0
2018-04-19 13:06,-285908.0
2018-04-19 13:07,-286208.0
2018-04-19 13:09,-285508.0
2018-04-19 13:10,-285666.0
2018-04-19 13:11,-285835.0
2018-04-19 13:12,-285635.0
2018-04-19 13:13,-287535.0
2018-04-19 13:14,-281931.0
2018-04-19 13:15,-280431.0
2018-04-19 13:16,-280031.0
2018-04-19 13:17,-281231.0
2018-04-19 13:18,-280831.0
2018-04-19 13:19,-279931.0
2018-04-19 13:20,-279931.0
2018-04-19 13:21,-279931.0
2018-04-19 13:22,-280031.0
2018-04-19 13:24,-281183.0
2018-04-19 13:25,-281083.0
2018-04-19 13:26,-283083.0
2018-04-19 13:27,-283283.0
2018-04-19 13:28,-283083.0
2018-04-19 13:29,-283679.0
2018-04-19 13:30,-284479.0
2018-04-19 13:31,-284479.0
2018-04-19 13:32,-283179.0
2018-04-19 13:33,-284079.0
2018-04-19 13:34,-283329.0
2018-04-19 13:35,-285429.0
2018-04-19 13:36,-284765.0
2018-04-19 13:37,-285265.0
2018-04-19 13:38,-284565.0
2018-04-19 13:39,-283765.0
2018-04-19 13:40,-284665.0
2018-04-19 13:41,-284465.0
2018-04-19 13:42,-284365.0
2018-04-19 13:43,-285465.0
2018-04-19 13:44,-284765.0
2018-04-19 13:45,-282807.0
2018-04-19 13:46,-282546.0
2018-04-19 13:47,-283646.0
2018-04-19 13:48,-283646.0
2018-04-19 13:49,-284146.0
2018-04-19 13:50,-283746.0
2018-04-19 13:51,-282946.0
2018-04-19 13:52,-280646.0
2018-04-19 13:53,-281946.0
2018-04-19 13:54,-281846.0
2018-04-19 13:55,-282413.0
2018-04-19 13:56,-283663.0
2018-04-19 13:57,-282163.0
2018-04-19 13:58,-283163.0
2018-04-19 13:59,-281872.0
2018-04-19 14:00,-279172.0
2018-04-19 14:01,-278392.0
2018-04-19 14:02,-278089.0
2018-04-19 14:03,-275757.0
2018-04-19 14:04,-276357.0
2018-04-19 14:05,-276473.0
2018-04-19 14:06,-276073.0
2018-04-19 14:07,-277074.0
2018-04-19 14:08,-275873.0
2018-04-19 14:09,-277173.0
2018-04-19 14:10,-276973.0
2018-04-19 14:11,-279131.0
2018-04-19 14:12,-280198.0
2018-04-19 14:13,-283351.0
2018-04-19 14:14,-282351.0
2018-04-19 14:15,-281659.0
2018-04-19 14:16,-281359.0
2018-04-19 14:17,-281759.0
2018-04-19 14:18,-282159.0
2018-04-19 14:19,-282759.0
2018-04-19 14:20,-283959.0
2018-04-19 14:21,-284759.0
2018-04-19 14:22,-282302.0
2018-04-19 14:24,-280302.0
2018-04-19 14:25,-280402.0
2018-04-19 14:26,-280202.0
2018-04-19 14:27,-280502.0
2018-04-19 14:28,-279202.0
2018-04-19 14:30,-279202.0
2018-04-19 14:32,-278102.0
2018-04-19 14:33,-277514.0
2018-04-19 14:34,-275614.0
2018-04-19 14:35,-274914.0
2018-04-19 14:36,-275263.0
2018-04-19 14:37,-273963.0
2018-04-19 14:38,-275506.0
2018-04-19 14:39,-278105.0
2018-04-19 14:40,-296705.0
2018-04-19 14:41,-308405.0
2018-04-19 14:42,-303079.0
2018-04-19 14:43,-298708.0
2018-04-19 14:44,-297380.0
2018-04-19 14:45,-298780.0
2018-04-19 14:46,-297980.0
2018-04-19 14:47,-301730.0
2018-04-19 14:48,-300230.0
2018-04-19 14:49,-303798.0
2018-04-19 14:50,-303508.0
2018-04-19 14:51,-302308.0
2018-04-19 14:52,-262431.0
2018-04-19 14:53,-231689.0
2018-04-19 14:54,-232189.0
2018-04-19 14:55,-242209.0
2018-04-19 14:56,-238942.0
2018-04-19 14:57,-238492.0
2018-04-19 14:58,-239905.0
2018-04-19 14:59,-243462.0
2018-04-19 15:00,-240462.0
2018-04-19 15:01,-241762.0
2018-04-19 15:02,-242262.0
2018-04-19 15:03,-239691.0
2018-04-19 15:04,-240698.0
2018-04-19 15:05,-238798.0
2018-04-19 15:06,-239901.0
2018-04-19 15:07,-237842.0
2018-04-19 15:08,-236642.0
2018-04-19 15:09,-235992.0
2018-04-19 15:10,-239592.0
2018-04-19 15:11,-241786.0
2018-04-19 15:12,-247755.0
2018-04-19 15:13,-252479.0
2018-04-19 15:14,-245812.0
2018-04-19 15:15,-246912.0
2018-04-19 15:16,-248312.0
2018-04-19 15:17,-249312.0
2018-04-19 15:18,-251051.0
2018-04-19 15:19,-248851.0
2018-04-19 15:20,-247051.0
2018-04-19 15:21,-247451.0
2018-04-19 15:22,-247451.0
2018-04-19 15:23,-245943.0
2018-04-19 15:24,-247190.0
2018-04-19 15:25,-247190.0
2018-04-19 15:26,-248989.0
2018-04-19 15:27,-251489.0
2018-04-19 15:28,-252489.0
2018-04-19 15:29,-252489.0
2018-04-19 15:30,-254149.0
2018-04-19 15:31,-244566.0
2018-04-19 15:32,-242466.0
2018-04-19 15:33,-240866.0
2018-04-19 15:34,-241866.0
2018-04-19 15:35,-233081.0
2018-04-19 15:36,-229478.0
2018-04-19 15:37,-227053.0
2018-04-19 15:38,-235648.0
2018-04-19 15:39,-225655.0
2018-04-19 15:40,-218554.0
2018-04-19 15:41,-213904.0
2018-04-19 15:42,-212060.0
2018-04-19 15:43,-212960.0
2018-04-19 15:44,-214973.0
2018-04-19 15:45,-214973.0
2018-04-19 15:46,-220571.0
2018-04-19 15:47,-224154.0
2018-04-19 15:48,-231424.0
2018-04-19 15:49,-231424.0
2018-04-19 15:50,-239853.0
2018-04-19 15:51,-248723.0
2018-04-19 15:52,-253652.0
2018-04-19 15:53,-261860.0
2018-04-19 15:54,-267656.0
2018-04-19 15:55,-276781.0
2018-04-19 15:56,-282982.0
2018-04-19 15:57,-286883.0
2018-04-19 15:58,-292658.0
2018-04-19 15:59,-301109.0
2018-04-19 16:00,-244915.0
2018-04-20 09:30,-256345.0
2018-04-20 09:31,-259045.0
2018-04-20 09:32,-258345.0
2018-04-20 09:33,-257045.0
2018-04-20 09:34,-255545.0
2018-04-20 09:35,-259445.0
2018-04-20 09:36,-261853.0
2018-04-20 09:37,-261153.0
2018-04-20 09:38,-261853.0
2018-04-20 09:39,-261353.0
2018-04-20 09:40,-265453.0
2018-04-20 09:41,-241083.0
2018-04-20 09:42,-225000.0
2018-04-20 09:43,-221937.0
2018-04-20 09:44,-225737.0
2018-04-20 09:45,-231138.0
2018-04-20 09:46,-232138.0
2018-04-20 09:47,-228738.0
2018-04-20 09:48,-231892.0
2018-04-20 09:50,-231690.0
2018-04-20 09:51,-230143.0
2018-04-20 09:52,-232078.0
2018-04-20 09:53,-231778.0
2018-04-20 09:54,-233042.0
2018-04-20 09:55,-236142.0
2018-04-20 09:56,-245437.0
2018-04-20 09:57,-227132.0
2018-04-20 09:58,-223932.0
2018-04-20 09:59,-228032.0
2018-04-20 10:00,-223532.0
2018-04-20 10:01,-228132.0
2018-04-20 10:02,-226755.0
2018-04-20 10:03,-228805.0
2018-04-20 10:04,-230105.0
2018-04-20 10:05,-229105.0
2018-04-20 10:06,-226305.0
2018-04-20 10:07,-224405.0
2018-04-20 10:08,-191910.0
2018-04-20 10:09,-191310.0
2018-04-20 10:10,-191310.0
2018-04-20 10:11,-192510.0
2018-04-20 10:12,-193310.0
2018-04-20 10:13,-191910.0
2018-04-20 10:14,-191610.0
2018-04-20 10:15,-192110.0
2018-04-20 10:16,-192110.0
2018-04-20 10:17,-193210.0
2018-04-20 10:18,-192310.0
2018-04-20 10:19,-191210.0
2018-04-20 10:20,-191410.0
2018-04-20 10:21,-193165.0
2018-04-20 10:22,-194265.0
2018-04-20 10:23,-193165.0
2018-04-20 10:24,-193265.0
2018-04-20 10:25,-192863.0
2018-04-20 10:26,-192713.0
2018-04-20 10:27,-192613.0
2018-04-20 10:28,-191313.0
2018-04-20 10:29,-192613.0
2018-04-20 10:30,-191913.0
2018-04-20 10:31,-195355.0
2018-04-20 10:32,-193210.0
2018-04-20 10:33,-193070.0
2018-04-20 10:34,-195970.0
2018-04-20 10:35,-196170.0
2018-04-20 10:36,-199730.0
2018-04-20 10:37,-200130.0
2018-04-20 10:38,-196320.0
2018-04-20 10:39,-195920.0
2018-04-20 10:40,-181220.0
2018-04-20 10:41,-181820.0
2018-04-20 10:42,-182420.0
2018-04-20 10:43,-182620.0
2018-04-20 10:44,-183820.0
2018-04-20 10:45,-183520.0
2018-04-20 10:46,-182120.0
2018-04-20 10:47,-182720.0
2018-04-20 10:48,-175575.0
2018-04-20 10:49,-176075.0
2018-04-20 10:50,-177452.0
2018-04-20 10:51,-183301.0
2018-04-20 10:52,-179601.0
2018-04-20 10:53,-183316.0
2018-04-20 10:54,-178348.0
2018-04-20 10:55,-176948.0
2018-04-20 10:56,-176348.0
2018-04-20 10:57,-179320.0
2018-04-20 10:58,-179320.0
2018-04-20 11:00,-180332.0
2018-04-20 11:01,-180532.0
2018-04-20 11:02,-180932.0
2018-04-20 11:03,-181532.0
2018-04-20 11:04,-182982.0
2018-04-20 11:05,-182882.0
2018-04-20 11:06,-186994.0
2018-04-20 11:07,-186994.0
2018-04-20 11:08,-184092.0
2018-04-20 11:09,-189497.0
2018-04-20 11:10,-194080.0
2018-04-20 11:11,-208280.0
2018-04-20 11:12,-210230.0
2018-04-20 11:13,-215143.0
2018-04-20 11:14,-219318.0
2018-04-20 11:15,-228056.0
2018-04-20 11:16,-233000.0
2018-04-20 11:17,-223002.0
2018-04-20 11:18,-213900.0
2018-04-20 11:19,-208400.0
2018-04-20 11:20,-217250.0
2018-04-20 11:21,-216950.0
2018-04-20 11:22,-215350.0
2018-04-20 11:23,-215450.0
2018-04-20 11:24,-215950.0
2018-04-20 11:25,-217200.0
2018-04-20 11:26,-215600.0
2018-04-20 11:27,-216520.0
2018-04-20 11:28,-217600.0
2018-04-20 11:29,-214600.0
2018-04-20 11:30,-221016.0
2018-04-20 11:31,-226988.0
2018-04-20 11:32,-228523.0
2018-04-20 11:33,-226526.0
2018-04-20 11:34,-226126.0
2018-04-20 11:35,-216501.0
2018-04-20 11:36,-212851.0
2018-04-20 11:37,-216837.0
2018-04-20 11:38,-215687.0
2018-04-20 11:39,-211387.0
2018-04-20 11:40,-209687.0
2018-04-20 11:41,-208587.0
2018-04-20 11:42,-210387.0
2018-04-20 11:43,-208087.0
2018-04-20 11:44,-209387.0
2018-04-20 11:45,-211908.0
2018-04-20 11:46,-209508.0
2018-04-20 11:47,-209908.0
2018-04-20 11:48,-212865.0
2018-04-20 11:49,-212865.0
2018-04-20 11:50,-211365.0
2018-04-20 11:51,-209515.0
2018-04-20 11:52,-209515.0
2018-04-20 11:53,-209515.0
2018-04-20 11:54,-210713.0
2018-04-20 11:55,-210413.0
2018-04-20 11:56,-213445.0
2018-04-20 11:57,-212095.0
2018-04-20 11:58,-211895.0
2018-04-20 11:59,-211795.0
2018-04-20 12:00,-210895.0
2018-04-20 12:01,-211695.0
2018-04-20 12:03,-211520.0
2018-04-20 12:04,-211220.0
2018-04-20 12:05,-210620.0
2018-04-20 12:06,-201318.0
2018-04-20 12:08,-201218.0
2018-04-20 12:09,-201218.0
2018-04-20 12:11,-202018.0
2018-04-20 12:12,-200918.0
2018-04-20 12:13,-201418.0
2018-04-20 12:14,-201818.0
2018-04-20 12:15,-201918.0
2018-04-20 12:16,-201918.0
2018-04-20 12:17,-201718.0
2018-04-20 12:18,-201918.0
2018-04-20 12:19,-202618.0
2018-04-20 12:20,-202618.0
2018-04-20 12:21,-203018.0
2018-04-20 12:22,-203218.0
2018-04-20 12:23,-201718.0
2018-04-20 12:24,-201518.0
2018-04-20 12:25,-201818.0
2018-04-20 12:26,-201218.0
2018-04-20 12:27,-201018.0
2018-04-20 12:28,-200918.0
2018-04-20 12:29,-201686.0
2018-04-20 12:30,-201336.0
2018-04-20 12:31,-202036.0
2018-04-20 12:32,-201636.0
2018-04-20 12:33,-201136.0
2018-04-20 12:34,-201936.0
2018-04-20 12:35,-201436.0
2018-04-20 12:36,-201336.0
2018-04-20 12:37,-200936.0
2018-04-20 12:38,-202636.0
2018-04-20 12:39,-201336.0
2018-04-20 12:40,-201736.0
2018-04-20 12:41,-201536.0
2018-04-20 12:42,-201536.0
2018-04-20 12:43,-200644.0
2018-04-20 12:44,-201244.0
2018-04-20 12:45,-207544.0
2018-04-20 12:46,-210848.0
2018-04-20 12:48,-212367.0
2018-04-20 12:49,-213067.0
2018-04-20 12:50,-213867.0
2018-04-20 12:51,-213567.0
2018-04-20 12:52,-212267.0
2018-04-20 12:53,-212067.0
2018-04-20 12:54,-215870.0
2018-04-20 12:55,-215070.0
2018-04-20 12:56,-217764.0
2018-04-20 12:57,-218264.0
2018-04-20 12:58,-218464.0
2018-04-20 12:59,-218164.0
2018-04-20 13:00,-217179.0
2018-04-20 13:01,-215275.0
2018-04-20 13:02,-216490.0
2018-04-20 13:03,-221390.0
2018-04-20 13:04,-223690.0
2018-04-20 13:05,-226870.0
2018-04-20 13:06,-223254.0
2018-04-20 13:07,-222407.0
2018-04-20 13:08,-225315.0
2018-04-20 13:09,-223115.0
2018-04-20 13:10,-223215.0
2018-04-20 13:11,-222715.0
2018-04-20 13:12,-222615.0
2018-04-20 13:13,-221715.0
2018-04-20 13:14,-221202.0
2018-04-20 13:15,-221302.0
2018-04-20 13:16,-222683.0
2018-04-20 13:18,-221584.0
2018-04-20 13:19,-221284.0
2018-04-20 13:20,-221284.0
2018-04-20 13:21,-221684.0
2018-04-20 13:22,-223204.0
2018-04-20 13:23,-225204.0
2018-04-20 13:24,-224504.0
2018-04-20 13:25,-223531.0
2018-04-20 13:26,-223731.0
2018-04-20 13:27,-223831.0
2018-04-20 13:28,-223131.0
2018-04-20 13:29,-226119.0
2018-04-20 13:30,-233719.0
2018-04-20 13:31,-233519.0
2018-04-20 13:32,-232542.0
2018-04-20 13:33,-232842.0
2018-04-20 13:35,-234042.0
2018-04-20 13:36,-234142.0
2018-04-20 13:37,-234042.0
2018-04-20 13:38,-235842.0
2018-04-20 13:39,-235642.0
2018-04-20 13:40,-235442.0
2018-04-20 13:41,-235342.0
2018-04-20 13:42,-235342.0
2018-04-20 13:44,-234742.0
2018-04-20 13:45,-233342.0
2018-04-20 13:46,-233942.0
2018-04-20 13:47,-235580.0
2018-04-20 13:48,-236180.0
2018-04-20 13:49,-236780.0
2018-04-20 13:51,-236880.0
2018-04-20 13:52,-236880.0
2018-04-20 13:53,-233769.0
2018-04-20 13:54,-232169.0
2018-04-20 13:55,-231637.0
2018-04-20 13:57,-232961.0
2018-04-20 13:59,-233650.0
2018-04-20 14:00,-233350.0
2018-04-20 14:01,-234090.0
2018-04-20 14:02,-234390.0
2018-04-20 14:03,-233190.0
2018-04-20 14:05,-233090.0
2018-04-20 14:06,-232890.0
2018-04-20 14:07,-233790.0
2018-04-20 14:09,-232290.0
2018-04-20 14:10,-231262.0
2018-04-20 14:11,-231962.0
2018-04-20 14:12,-231762.0
2018-04-20 14:13,-231126.0
2018-04-20 14:14,-230426.0
2018-04-20 14:15,-230726.0
2018-04-20 14:17,-232326.0
2018-04-20 14:18,-231626.0
2018-04-20 14:19,-231726.0
2018-04-20 14:20,-231026.0
2018-04-20 14:21,-231326.0
2018-04-20 14:22,-230926.0
2018-04-20 14:23,-231026.0
2018-04-20 14:24,-232454.0
2018-04-20 14:25,-232171.0
2018-04-20 14:26,-233124.0
2018-04-20 14:27,-234670.0
2018-04-20 14:28,-234870.0
2018-04-20 14:29,-234370.0
2018-04-20 14:30,-233670.0
2018-04-20 14:31,-234370.0
2018-04-20 14:32,-237470.0
2018-04-20 14:33,-238031.0
2018-04-20 14:34,-238631.0
2018-04-20 14:35,-236731.0
2018-04-20 14:36,-237431.0
2018-04-20 14:37,-241199.0
2018-04-20 14:38,-239702.0
2018-04-20 14:39,-240402.0
2018-04-20 14:40,-242902.0
2018-04-20 14:41,-246277.0
2018-04-20 14:42,-250015.0
2018-04-20 14:43,-249280.0
2018-04-20 14:44,-249380.0
2018-04-20 14:45,-249580.0
2018-04-20 14:46,-249680.0
2018-04-20 14:47,-250149.0
2018-04-20 14:48,-248049.0
2018-04-20 14:50,-249649.0
2018-04-20 14:51,-248200.0
2018-04-20 14:52,-248200.0
2018-04-20 14:53,-249506.0
2018-04-20 14:54,-249206.0
2018-04-20 14:55,-249506.0
2018-04-20 14:56,-242005.0
2018-04-20 14:57,-241305.0
2018-04-20 14:58,-239438.0
2018-04-20 14:59,-239338.0
2018-04-20 15:00,-239576.0
2018-04-20 15:01,-241273.0
2018-04-20 15:02,-241873.0
2018-04-20 15:03,-243173.0
2018-04-20 15:04,-242573.0
2018-04-20 15:05,-244273.0
2018-04-20 15:06,-246229.0
2018-04-20 15:07,-250502.0
2018-04-20 15:08,-253270.0
2018-04-20 15:09,-254766.0
2018-04-20 15:10,-258421.0
2018-04-20 15:11,-256921.0
2018-04-20 15:12,-253361.0
2018-04-20 15:13,-252861.0
2018-04-20 15:14,-251945.0
2018-04-20 15:15,-251845.0
2018-04-20 15:16,-251145.0
2018-04-20 15:17,-252045.0
2018-04-20 15:18,-250645.0
2018-04-20 15:19,-251246.0
2018-04-20 15:20,-252061.0
2018-04-20 15:21,-251461.0
2018-04-20 15:22,-252815.0
2018-04-20 15:23,-252915.0
2018-04-20 15:24,-251815.0
2018-04-20 15:25,-252415.0
2018-04-20 15:26,-248762.0
2018-04-20 15:27,-249689.0
2018-04-20 15:28,-246871.0
2018-04-20 15:29,-246671.0
2018-04-20 15:30,-247671.0
2018-04-20 15:31,-250994.0
2018-04-20 15:32,-250294.0
2018-04-20 15:33,-251194.0
2018-04-20 15:34,-249293.0
2018-04-20 15:35,-255553.0
2018-04-20 15:36,-257994.0
2018-04-20 15:37,-253593.0
2018-04-20 15:38,-252293.0
2018-04-20 15:39,-253596.0
2018-04-20 15:40,-252240.0
2018-04-20 15:41,-249743.0
2018-04-20 15:42,-246865.0
2018-04-20 15:43,-248397.0
2018-04-20 15:44,-252201.0
2018-04-20 15:45,-253676.0
2018-04-20 15:46,-256276.0
2018-04-20 15:47,-252878.0
2018-04-20 15:48,-252878.0
2018-04-20 15:49,-249240.0
2018-04-20 15:50,-245995.0
2018-04-20 15:51,-254002.0
2018-04-20 15:52,-257117.0
2018-04-20 15:53,-253017.0
2018-04-20 15:54,-247276.0
2018-04-20 15:55,-243162.0
2018-04-20 15:56,-237761.0
2018-04-20 15:57,-243761.0
2018-04-20 15:58,-243761.0
2018-04-20 15:59,-248915.0
2018-04-20 16:00,-178877.0
2018-04-23 09:30,-170836.0
2018-04-23 09:31,-169689.0
2018-04-23 09:32,-171369.0
2018-04-23 09:33,-172219.0
2018-04-23 09:34,-173937.0
2018-04-23 09:35,-169812.0
2018-04-23 09:36,-176998.0
2018-04-23 09:37,-175898.0
2018-04-23 09:38,-172696.0
2018-04-23 09:39,-170996.0
2018-04-23 09:40,-170496.0
2018-04-23 09:41,-167795.0
2018-04-23 09:42,-161872.0
2018-04-23 09:43,-160272.0
2018-04-23 09:44,-166039.0
2018-04-23 09:45,-161917.0
2018-04-23 09:46,-166667.0
2018-04-23 09:47,-165767.0
2018-04-23 09:49,-166547.0
2018-04-23 09:50,-168947.0
2018-04-23 09:51,-170307.0
2018-04-23 09:52,-170607.0
2018-04-23 09:53,-172807.0
2018-04-23 09:54,-174607.0
2018-04-23 09:55,-171650.0
2018-04-23 09:57,-171550.0
2018-04-23 09:58,-170850.0
2018-04-23 09:59,-170350.0
2018-04-23 10:00,-169250.0
2018-04-23 10:01,-167442.0
2018-04-23 10:02,-170279.0
2018-04-23 10:03,-170979.0
2018-04-23 10:04,-176324.0
2018-04-23 10:05,-178840.0
2018-04-23 10:06,-178040.0
2018-04-23 10:07,-176140.0
2018-04-23 10:08,-176940.0
2018-04-23 10:09,-178934.0
2018-04-23 10:10,-177634.0
2018-04-23 10:11,-176734.0
2018-04-23 10:12,-176534.0
2018-04-23 10:13,-176534.0
2018-04-23 10:14,-178163.0
2018-04-23 10:15,-178163.0
2018-04-23 10:16,-178663.0
2018-04-23 10:17,-179663.0
2018-04-23 10:18,-179343.0
2018-04-23 10:19,-181445.0
2018-04-23 10:20,-173469.0
2018-04-23 10:21,-172068.0
2018-04-23 10:22,-168975.0
2018-04-23 10:23,-165265.0
2018-04-23 10:24,-157110.0
2018-04-23 10:25,-155785.0
2018-04-23 10:26,-155585.0
2018-04-23 10:27,-161130.0
2018-04-23 10:28,-161980.0
2018-04-23 10:29,-160180.0
2018-04-23 10:30,-161680.0
2018-04-23 10:31,-165080.0
2018-04-23 10:32,-165580.0
2018-04-23 10:33,-167480.0
2018-04-23 10:34,-159783.0
2018-04-23 10:35,-158483.0
2018-04-23 10:36,-162018.0
2018-04-23 10:37,-163718.0
2018-04-23 10:38,-167967.0
2018-04-23 10:39,-175078.0
2018-04-23 10:40,-175078.0
2018-04-23 10:41,-179304.0
2018-04-23 10:42,-180704.0
2018-04-23 10:43,-180704.0
2018-04-23 10:44,-182454.0
2018-04-23 10:45,-180854.0
2018-04-23 10:46,-180159.0
2018-04-23 10:47,-178259.0
2018-04-23 10:48,-176359.0
2018-04-23 10:49,-176459.0
2018-04-23 10:50,-176159.0
2018-04-23 10:51,-174470.0
2018-04-23 10:52,-175870.0
2018-04-23 10:53,-174811.0
2018-04-23 10:54,-173111.0
2018-04-23 10:55,-173211.0
2018-04-23 10:56,-179710.0
2018-04-23 10:57,-179810.0
2018-04-23 10:58,-179210.0
2018-04-23 10:59,-181210.0
2018-04-23 11:00,-180810.0
2018-04-23 11:01,-181395.0
2018-04-23 11:02,-178690.0
2018-04-23 11:03,-177390.0
2018-04-23 11:04,-174890.0
2018-04-23 11:05,-166896.0
2018-04-23 11:06,-164646.0
2018-04-23 11:07,-175626.0
2018-04-23 11:08,-175526.0
2018-04-23 11:09,-177519.0
2018-04-23 11:10,-176289.0
2018-04-23 11:12,-178639.0
2018-04-23 11:13,-176639.0
2018-04-23 11:14,-176539.0
2018-04-23 11:15,-176939.0
2018-04-23 11:16,-174304.0
2018-04-23 11:17,-173804.0
2018-04-23 11:18,-176404.0
2018-04-23 11:19,-177304.0
2018-04-23 11:20,-178404.0
2018-04-23 11:21,-176024.0
2018-04-23 11:22,-176024.0
2018-04-23 11:23,-176124.0
2018-04-23 11:24,-178234.0
2018-04-23 11:25,-178434.0
2018-04-23 11:26,-179581.0
2018-04-23 11:27,-180381.0
2018-04-23 11:28,-181681.0
2018-04-23 11:29,-183481.0
2018-04-23 11:30,-184681.0
2018-04-23 11:31,-183679.0
2018-04-23 11:32,-182679.0
2018-04-23 11:33,-184679.0
2018-04-23 11:34,-183878.0
2018-04-23 11:35,-185578.0
2018-04-23 11:36,-182678.0
2018-04-23 11:37,-184644.0
2018-04-23 11:38,-180244.0
2018-04-23 11:40,-182844.0
2018-04-23 11:41,-180644.0
2018-04-23 11:42,-180944.0
2018-04-23 11:43,-184337.0
2018-04-23 11:44,-184337.0
2018-04-23 11:45,-184237.0
2018-04-23 11:46,-184637.0
2018-04-23 11:47,-182232.0
2018-04-23 11:48,-182832.0
2018-04-23 11:49,-179819.0
2018-04-23 11:50,-179569.0
2018-04-23 11:51,-181694.0
2018-04-23 11:53,-177918.0
2018-04-23 11:54,-177418.0
2018-04-23 11:55,-177718.0
2018-04-23 11:56,-177151.0
2018-04-23 11:57,-177751.0
2018-04-23 11:58,-178751.0
2018-04-23 11:59,-178451.0
2018-04-23 12:00,-176051.0
2018-04-23 12:01,-175951.0
2018-04-23 12:03,-177251.0
2018-04-23 12:05,-178351.0
2018-04-23 12:06,-182623.0
2018-04-23 12:07,-173023.0
2018-04-23 12:08,-176523.0
2018-04-23 12:09,-175523.0
2018-04-23 12:10,-170623.0
2018-04-23 12:11,-170423.0
2018-04-23 12:12,-169623.0
2018-04-23 12:13,-172123.0
2018-04-23 12:14,-174623.0
2018-04-23 12:15,-178777.0
2018-04-23 12:16,-178377.0
2018-04-23 12:17,-178777.0
2018-04-23 12:18,-177777.0
2018-04-23 12:19,-178430.0
2018-04-23 12:20,-181744.0
2018-04-23 12:21,-182044.0
2018-04-23 12:22,-179844.0
2018-04-23 12:23,-187063.0
2018-04-23 12:24,-186363.0
2018-04-23 12:25,-189669.0
2018-04-23 12:26,-189969.0
2018-04-23 12:27,-189769.0
2018-04-23 12:28,-190489.0
2018-04-23 12:29,-190276.0
2018-04-23 12:30,-190876.0
2018-04-23 12:31,-190476.0
2018-04-23 12:32,-191376.0
2018-04-23 12:33,-190160.0
2018-04-23 12:34,-191060.0
2018-04-23 12:35,-190960.0
2018-04-23 12:36,-192260.0
2018-04-23 12:37,-191860.0
2018-04-23 12:38,-191560.0
2018-04-23 12:39,-191260.0
2018-04-23 12:40,-190688.0
2018-04-23 12:42,-192388.0
2018-04-23 12:43,-193588.0
2018-04-23 12:44,-193252.0
2018-04-23 12:45,-193552.0
2018-04-23 12:46,-195146.0
2018-04-23 12:47,-194746.0
2018-04-23 12:48,-195848.0
2018-04-23 12:49,-192648.0
2018-04-23 12:50,-194148.0
2018-04-23 12:51,-192948.0
2018-04-23 12:52,-192148.0
2018-04-23 12:53,-192548.0
2018-04-23 12:54,-193848.0
2018-04-23 12:55,-191548.0
2018-04-23 12:56,-192748.0
2018-04-23 12:57,-191448.0
2018-04-23 12:58,-192048.0
2018-04-23 12:59,-191360.0
2018-04-23 13:00,-192760.0
2018-04-23 13:01,-191830.0
2018-04-23 13:04,-193130.0
2018-04-23 13:05,-193130.0
2018-04-23 13:07,-193026.0
2018-04-23 13:08,-191126.0
2018-04-23 13:09,-194738.0
2018-04-23 13:10,-190338.0
2018-04-23 13:11,-189438.0
2018-04-23 13:12,-187738.0
2018-04-23 13:13,-188638.0
2018-04-23 13:14,-180388.0
2018-04-23 13:15,-182888.0
2018-04-23 13:16,-186488.0
2018-04-23 13:17,-184198.0
2018-04-23 13:18,-188298.0
2018-04-23 13:19,-188198.0
2018-04-23 13:21,-184828.0
2018-04-23 13:24,-183949.0
2018-04-23 13:25,-183609.0
2018-04-23 13:26,-185809.0
2018-04-23 13:27,-186009.0
2018-04-23 13:28,-187209.0
2018-04-23 13:29,-186809.0
2018-04-23 13:30,-185909.0
2018-04-23 13:31,-186609.0
2018-04-23 13:32,-183011.0
2018-04-23 13:33,-180811.0
2018-04-23 13:35,-181411.0
2018-04-23 13:37,-179871.0
2018-04-23 13:38,-179871.0
2018-04-23 13:39,-179771.0
2018-04-23 13:40,-179871.0
2018-04-23 13:41,-181071.0
2018-04-23 13:42,-180671.0
2018-04-23 13:44,-180771.0
2018-04-23 13:45,-181871.0
2018-04-23 13:46,-180371.0
2018-04-23 13:48,-180171.0
2018-04-23 13:49,-178771.0
2018-04-23 13:50,-178771.0
2018-04-23 13:51,-173328.0
2018-04-23 13:52,-171828.0
2018-04-23 13:53,-176028.0
2018-04-23 13:54,-175126.0
2018-04-23 13:55,-177655.0
2018-04-23 13:56,-175155.0
2018-04-23 13:57,-173655.0
2018-04-23 13:58,-174268.0
2018-04-23 13:59,-173368.0
2018-04-23 14:00,-170853.0
2018-04-23 14:01,-173153.0
2018-04-23 14:02,-174353.0
2018-04-23 14:03,-174353.0
2018-04-23 14:04,-175571.0
2018-04-23 14:05,-178351.0
2018-04-23 14:06,-178351.0
2018-04-23 14:07,-187663.0
2018-04-23 14:08,-189363.0
2018-04-23 14:09,-192363.0
2018-04-23 14:10,-191763.0
2018-04-23 14:11,-190703.0
2018-04-23 14:12,-190503.0
2018-04-23 14:13,-191203.0
2018-04-23 14:14,-194583.0
2018-04-23 14:15,-191978.0
2018-04-23 14:16,-188516.0
2018-04-23 14:17,-186616.0
2018-04-23 14:18,-187916.0
2018-04-23 14:19,-184014.0
2018-04-23 14:20,-180814.0
2018-04-23 14:21,-181514.0
2018-04-23 14:22,-180614.0
2018-04-23 14:23,-180414.0
2018-04-23 14:24,-181114.0
2018-04-23 14:25,-184637.0
2018-04-23 14:26,-179437.0
2018-04-23 14:27,-178237.0
2018-04-23 14:28,-178037.0
2018-04-23 14:29,-176537.0
2018-04-23 14:30,-176237.0
2018-04-23 14:31,-176837.0
2018-04-23 14:32,-175837.0
2018-04-23 14:33,-175637.0
2018-04-23 14:34,-174825.0
2018-04-23 14:35,-176625.0
2018-04-23 14:36,-173625.0
2018-04-23 14:37,-176480.0
2018-04-23 14:38,-176980.0
2018-04-23 14:39,-175410.0
2018-04-23 14:40,-178307.0
2018-04-23 14:41,-177507.0
2018-04-23 14:42,-178107.0
2018-04-23 14:43,-179007.0
2018-04-23 14:44,-178807.0
2018-04-23 14:45,-179307.0
2018-04-23 14:46,-179107.0
2018-04-23 14:47,-179207.0
2018-04-23 14:48,-179307.0
2018-04-23 14:49,-178207.0
2018-04-23 14:51,-182744.0
2018-04-23 14:52,-184444.0
2018-04-23 14:53,-185744.0
2018-04-23 14:54,-187158.0
2018-04-23 14:55,-193219.0
2018-04-23 14:56,-191023.0
2018-04-23 14:57,-189723.0
2018-04-23 14:58,-186823.0
2018-04-23 14:59,-186023.0
2018-04-23 15:00,-186223.0
2018-04-23 15:01,-185191.0
2018-04-23 15:02,-183388.0
2018-04-23 15:03,-182888.0
2018-04-23 15:04,-182238.0
2018-04-23 15:05,-180634.0
2018-04-23 15:06,-179834.0
2018-04-23 15:07,-180626.0
2018-04-23 15:08,-178726.0
2018-04-23 15:09,-177716.0
2018-04-23 15:10,-179816.0
2018-04-23 15:11,-181235.0
2018-04-23 15:12,-182995.0
2018-04-23 15:13,-183695.0
2018-04-23 15:14,-181528.0
2018-04-23 15:15,-181828.0
2018-04-23 15:16,-182228.0
2018-04-23 15:17,-184428.0
2018-04-23 15:18,-186028.0
2018-04-23 15:19,-186028.0
2018-04-23 15:20,-185328.0
2018-04-23 15:21,-182828.0
2018-04-23 15:22,-181228.0
2018-04-23 15:23,-180102.0
2018-04-23 15:24,-179605.0
2018-04-23 15:25,-180924.0
2018-04-23 15:26,-178197.0
2018-04-23 15:27,-177297.0
2018-04-23 15:28,-179234.0
2018-04-23 15:29,-179034.0
2018-04-23 15:30,-179534.0
2018-04-23 15:31,-179834.0
2018-04-23 15:32,-175734.0
2018-04-23 15:33,-174834.0
2018-04-23 15:34,-176534.0
2018-04-23 15:35,-175434.0
2018-04-23 15:36,-175534.0
2018-04-23 15:37,-176384.0
2018-04-23 15:38,-177784.0
2018-04-23 15:39,-177184.0
2018-04-23 15:40,-177584.0
2018-04-23 15:41,-178284.0
2018-04-23 15:42,-179784.0
2018-04-23 15:43,-176253.0
2018-04-23 15:44,-173503.0
2018-04-23 15:45,-171204.0
2018-04-23 15:46,-169404.0
2018-04-23 15:47,-173207.0
2018-04-23 15:48,-171107.0
2018-04-23 15:49,-173107.0
2018-04-23 15:50,-175607.0
2018-04-23 15:51,-173368.0
2018-04-23 15:52,-175090.0
2018-04-23 15:53,-175090.0
2018-04-23 15:54,-182890.0
2018-04-23 15:55,-181490.0
2018-04-23 15:56,-183090.0
2018-04-23 15:57,-186802.0
2018-04-23 15:58,-188996.0
2018-04-23 15:59,-185286.0
2018-04-23 16:00,-426960.0
2018-04-24 09:30,-415449.0
2018-04-24 09:31,-415849.0
2018-04-24 09:32,-413534.0
2018-04-24 09:33,-414782.0
2018-04-24 09:34,-420112.0
2018-04-24 09:35,-420212.0
2018-04-24 09:36,-418874.0
2018-04-24 09:37,-422994.0
2018-04-24 09:38,-420068.0
2018-04-24 09:39,-418768.0
2018-04-24 09:40,-420383.0
2018-04-24 09:41,-417121.0
2018-04-24 09:42,-417021.0
2018-04-24 09:43,-416121.0
2018-04-24 09:44,-416521.0
2018-04-24 09:45,-415285.0
2018-04-24 09:46,-414885.0
2018-04-24 09:47,-415835.0
2018-04-24 09:48,-416535.0
2018-04-24 09:49,-415935.0
2018-04-24 09:50,-416730.0
2018-04-24 09:51,-417930.0
2018-04-24 09:53,-417006.0
2018-04-24 09:55,-417606.0
2018-04-24 09:56,-410206.0
2018-04-24 09:57,-412306.0
2018-04-24 09:58,-411606.0
2018-04-24 09:59,-411306.0
2018-04-24 10:00,-411206.0
2018-04-24 10:01,-412723.0
2018-04-24 10:03,-409771.0
2018-04-24 10:04,-407671.0
2018-04-24 10:05,-406871.0
2018-04-24 10:06,-399763.0
2018-04-24 10:07,-399463.0
2018-04-24 10:08,-402357.0
2018-04-24 10:09,-402457.0
2018-04-24 10:10,-403357.0
2018-04-24 10:11,-404257.0
2018-04-24 10:12,-404257.0
2018-04-24 10:13,-404757.0
2018-04-24 10:14,-404857.0
2018-04-24 10:15,-405057.0
2018-04-24 10:16,-409099.0
2018-04-24 10:17,-411725.0
2018-04-24 10:18,-415366.0
2018-04-24 10:19,-415366.0
2018-04-24 10:20,-416608.0
2018-04-24 10:21,-415708.0
2018-04-24 10:22,-416508.0
2018-04-24 10:23,-418108.0
2018-04-24 10:24,-414670.0
2018-04-24 10:25,-416129.0
2018-04-24 10:26,-415529.0
2018-04-24 10:27,-416129.0
2018-04-24 10:28,-415308.0
2018-04-24 10:29,-414908.0
2018-04-24 10:30,-416245.0
2018-04-24 10:32,-417095.0
2018-04-24 10:33,-419445.0
2018-04-24 10:34,-422130.0
2018-04-24 10:35,-426828.0
2018-04-24 10:36,-422205.0
2018-04-24 10:37,-422536.0
2018-04-24 10:38,-424655.0
2018-04-24 10:39,-422655.0
2018-04-24 10:40,-420721.0
2018-04-24 10:41,-422481.0
2018-04-24 10:42,-421680.0
2018-04-24 10:43,-420481.0
2018-04-24 10:44,-419981.0
2018-04-24 10:45,-420281.0
2018-04-24 10:46,-420781.0
2018-04-24 10:48,-419282.0
2018-04-24 10:50,-418637.0
2018-04-24 10:51,-418837.0
2018-04-24 10:52,-417837.0
2018-04-24 10:53,-417287.0
2018-04-24 10:54,-420307.0
2018-04-24 10:55,-420757.0
2018-04-24 10:56,-421684.0
2018-04-24 10:57,-416044.0
2018-04-24 10:58,-420516.0
2018-04-24 10:59,-421216.0
2018-04-24 11:00,-425279.0
2018-04-24 11:01,-428509.0
2018-04-24 11:02,-437807.0
2018-04-24 11:03,-445267.0
2018-04-24 11:04,-453321.0
2018-04-24 11:05,-459704.0
2018-04-24 11:06,-465188.0
2018-04-24 11:07,-470072.0
2018-04-24 11:08,-464335.0
2018-04-24 11:09,-474597.0
2018-04-24 11:10,-482086.0
2018-04-24 11:11,-481061.0
2018-04-24 11:12,-482411.0
2018-04-24 11:13,-479948.0
2018-04-24 11:14,-478307.0
2018-04-24 11:15,-478307.0
2018-04-24 11:16,-490792.0
2018-04-24 11:17,-494166.0
2018-04-24 11:18,-496516.0
2018-04-24 11:19,-507730.0
2018-04-24 11:20,-497638.0
2018-04-24 11:21,-498038.0
2018-04-24 11:22,-493949.0
2018-04-24 11:23,-491973.0
2018-04-24 11:24,-491593.0
2018-04-24 11:25,-492822.0
2018-04-24 11:26,-495547.0
2018-04-24 11:27,-497343.0
2018-04-24 11:28,-496554.0
2018-04-24 11:29,-495453.0
2018-04-24 11:30,-494253.0
2018-04-24 11:31,-496339.0
2018-04-24 11:32,-497839.0
2018-04-24 11:33,-498639.0
2018-04-24 11:34,-496589.0
2018-04-24 11:35,-496049.0
2018-04-24 11:36,-496949.0
2018-04-24 11:37,-496333.0
2018-04-24 11:38,-496633.0
2018-04-24 11:39,-496133.0
2018-04-24 11:40,-496133.0
2018-04-24 11:41,-495333.0
2018-04-24 11:42,-495433.0
2018-04-24 11:43,-495129.0
2018-04-24 11:44,-495529.0
2018-04-24 11:45,-493829.0
2018-04-24 11:46,-492305.0
2018-04-24 11:47,-491267.0
2018-04-24 11:48,-492067.0
2018-04-24 11:51,-491767.0
2018-04-24 11:52,-494067.0
2018-04-24 11:53,-495367.0
2018-04-24 11:54,-496801.0
2018-04-24 11:55,-496901.0
2018-04-24 11:56,-495715.0
2018-04-24 11:57,-496775.0
2018-04-24 11:59,-497375.0
2018-04-24 12:00,-497475.0
2018-04-24 12:01,-495309.0
2018-04-24 12:03,-494309.0
2018-04-24 12:04,-494409.0
2018-04-24 12:05,-492937.0
2018-04-24 12:06,-493037.0
2018-04-24 12:07,-493137.0
2018-04-24 12:08,-494937.0
2018-04-24 12:09,-493045.0
2018-04-24 12:10,-493945.0
2018-04-24 12:11,-493345.0
2018-04-24 12:12,-491222.0
2018-04-24 12:13,-491522.0
2018-04-24 12:14,-492022.0
2018-04-24 12:15,-494172.0
2018-04-24 12:16,-495354.0
2018-04-24 12:17,-497464.0
2018-04-24 12:18,-495422.0
2018-04-24 12:19,-498199.0
2018-04-24 12:20,-499049.0
2018-04-24 12:21,-501752.0
2018-04-24 12:22,-504547.0
2018-04-24 12:23,-506647.0
2018-04-24 12:24,-509397.0
2018-04-24 12:25,-509397.0
2018-04-24 12:26,-513871.0
2018-04-24 12:27,-512900.0
2018-04-24 12:28,-520415.0
2018-04-24 12:29,-522853.0
2018-04-24 12:30,-517555.0
2018-04-24 12:31,-519436.0
2018-04-24 12:32,-521586.0
2018-04-24 12:33,-536227.0
2018-04-24 12:34,-545533.0
2018-04-24 12:35,-542120.0
2018-04-24 12:36,-544041.0
2018-04-24 12:37,-541961.0
2018-04-24 12:38,-545842.0
2018-04-24 12:39,-543623.0
2018-04-24 12:40,-544523.0
2018-04-24 12:41,-547917.0
2018-04-24 12:42,-546367.0
2018-04-24 12:43,-545924.0
2018-04-24 12:44,-546473.0
2018-04-24 12:45,-545473.0
2018-04-24 12:46,-545773.0
2018-04-24 12:47,-546973.0
2018-04-24 12:48,-547073.0
2018-04-24 12:49,-544092.0
2018-04-24 12:50,-543257.0
2018-04-24 12:51,-544557.0
2018-04-24 12:52,-543457.0
2018-04-24 12:53,-542064.0
2018-04-24 12:54,-543073.0
2018-04-24 12:55,-546209.0
2018-04-24 12:56,-547911.0
2018-04-24 12:57,-549485.0
2018-04-24 12:58,-546485.0
2018-04-24 12:59,-545885.0
2018-04-24 13:00,-548944.0
2018-04-24 13:01,-546654.0
2018-04-24 13:02,-545570.0
2018-04-24 13:03,-546215.0
2018-04-24 13:04,-548453.0
2018-04-24 13:05,-544453.0
2018-04-24 13:06,-547741.0
2018-04-24 13:07,-542755.0
2018-04-24 13:08,-542069.0
2018-04-24 13:09,-541546.0
2018-04-24 13:10,-538638.0
2018-04-24 13:11,-541269.0
2018-04-24 13:12,-539416.0
2018-04-24 13:13,-540486.0
2018-04-24 13:14,-542686.0
2018-04-24 13:15,-541986.0
2018-04-24 13:16,-542786.0
2018-04-24 13:17,-543543.0
2018-04-24 13:18,-542103.0
2018-04-24 13:19,-542928.0
2018-04-24 13:20,-543028.0
2018-04-24 13:21,-546050.0
2018-04-24 13:22,-547808.0
2018-04-24 13:23,-546059.0
2018-04-24 13:24,-547359.0
2018-04-24 13:25,-547459.0
2018-04-24 13:26,-546559.0
2018-04-24 13:27,-547159.0
2018-04-24 13:28,-554559.0
2018-04-24 13:29,-557717.0
2018-04-24 13:30,-570150.0
2018-04-24 13:31,-570150.0
2018-04-24 13:32,-568477.0
2018-04-24 13:33,-567026.0
2018-04-24 13:34,-563749.0
2018-04-24 13:35,-564649.0
2018-04-24 13:36,-563089.0
2018-04-24 13:37,-570694.0
2018-04-24 13:38,-572294.0
2018-04-24 13:39,-574758.0
2018-04-24 13:40,-575158.0
2018-04-24 13:41,-576758.0
2018-04-24 13:42,-575376.0
2018-04-24 13:43,-572459.0
2018-04-24 13:44,-571177.0
2018-04-24 13:45,-571877.0
2018-04-24 13:46,-571377.0
2018-04-24 13:47,-572177.0
2018-04-24 13:48,-572177.0
2018-04-24 13:49,-573390.0
2018-04-24 13:50,-572175.0
2018-04-24 13:51,-580474.0
2018-04-24 13:52,-587426.0
2018-04-24 13:53,-592356.0
2018-04-24 13:54,-607010.0
2018-04-24 13:55,-605265.0
2018-04-24 13:56,-607807.0
2018-04-24 13:57,-611967.0
2018-04-24 13:58,-608267.0
2018-04-24 13:59,-608767.0
2018-04-24 14:00,-606704.0
2018-04-24 14:01,-607704.0
2018-04-24 14:02,-613595.0
2018-04-24 14:03,-623034.0
2018-04-24 14:04,-628862.0
2018-04-24 14:05,-660343.0
2018-04-24 14:06,-675743.0
2018-04-24 14:07,-661920.0
2018-04-24 14:08,-659392.0
2018-04-24 14:09,-648364.0
2018-04-24 14:10,-644685.0
2018-04-24 14:11,-641729.0
2018-04-24 14:12,-641629.0
2018-04-24 14:13,-638978.0
2018-04-24 14:14,-638678.0
2018-04-24 14:15,-635041.0
2018-04-24 14:16,-634041.0
2018-04-24 14:17,-636788.0
2018-04-24 14:18,-634344.0
2018-04-24 14:19,-635944.0
2018-04-24 14:20,-631082.0
2018-04-24 14:21,-629882.0
2018-04-24 14:22,-628003.0
2018-04-24 14:23,-633217.0
2018-04-24 14:24,-638617.0
2018-04-24 14:25,-636379.0
2018-04-24 14:26,-633890.0
2018-04-24 14:27,-634190.0
2018-04-24 14:28,-635490.0
2018-04-24 14:29,-637111.0
2018-04-24 14:30,-640413.0
2018-04-24 14:31,-637216.0
2018-04-24 14:32,-643559.0
2018-04-24 14:33,-641409.0
2018-04-24 14:34,-649349.0
2018-04-24 14:35,-664523.0
2018-04-24 14:36,-652821.0
2018-04-24 14:37,-643610.0
2018-04-24 14:38,-645010.0
2018-04-24 14:39,-651810.0
2018-04-24 14:40,-653989.0
2018-04-24 14:41,-645443.0
2018-04-24 14:42,-656742.0
2018-04-24 14:43,-652052.0
2018-04-24 14:44,-658926.0
2018-04-24 14:45,-655582.0
2018-04-24 14:46,-662752.0
2018-04-24 14:47,-663652.0
2018-04-24 14:48,-656636.0
2018-04-24 14:49,-660336.0
2018-04-24 14:50,-658736.0
2018-04-24 14:51,-655725.0
2018-04-24 14:52,-659025.0
2018-04-24 14:53,-665834.0
2018-04-24 14:54,-670731.0
2018-04-24 14:55,-666409.0
2018-04-24 14:56,-665257.0
2018-04-24 14:57,-662403.0
2018-04-24 14:58,-664016.0
2018-04-24 14:59,-668551.0
2018-04-24 15:00,-671703.0
2018-04-24 15:01,-670653.0
2018-04-24 15:02,-674495.0
2018-04-24 15:03,-668988.0
2018-04-24 15:04,-666079.0
2018-04-24 15:05,-662499.0
2018-04-24 15:06,-670568.0
2018-04-24 15:07,-662823.0
2018-04-24 15:08,-665211.0
2018-04-24 15:09,-658988.0
2018-04-24 15:10,-661703.0
2018-04-24 15:11,-662847.0
2018-04-24 15:12,-667191.0
2018-04-24 15:13,-663218.0
2018-04-24 15:14,-660891.0
2018-04-24 15:15,-657545.0
2018-04-24 15:16,-657545.0
2018-04-24 15:17,-661013.0
2018-04-24 15:18,-650373.0
2018-04-24 15:19,-651889.0
2018-04-24 15:20,-653089.0
2018-04-24 15:21,-650989.0
2018-04-24 15:22,-647577.0
2018-04-24 15:23,-655096.0
2018-04-24 15:24,-659783.0
2018-04-24 15:25,-667808.0
2018-04-24 15:26,-666508.0
2018-04-24 15:27,-667408.0
2018-04-24 15:28,-671292.0
2018-04-24 15:29,-671292.0
2018-04-24 15:30,-670784.0
2018-04-24 15:31,-677007.0
2018-04-24 15:32,-678498.0
2018-04-24 15:33,-682240.0
2018-04-24 15:34,-680140.0
2018-04-24 15:35,-682794.0
2018-04-24 15:36,-683603.0
2018-04-24 15:37,-686998.0
2018-04-24 15:38,-692735.0
2018-04-24 15:39,-681171.0
2018-04-24 15:40,-678764.0
2018-04-24 15:41,-682494.0
2018-04-24 15:42,-679241.0
2018-04-24 15:43,-681841.0
2018-04-24 15:44,-688879.0
2018-04-24 15:45,-695868.0
2018-04-24 15:46,-687629.0
2018-04-24 15:47,-683732.0
2018-04-24 15:48,-674979.0
2018-04-24 15:49,-671484.0
2018-04-24 15:50,-671484.0
2018-04-24 15:51,-664970.0
2018-04-24 15:52,-657711.0
2018-04-24 15:53,-665883.0
2018-04-24 15:54,-675827.0
2018-04-24 15:55,-686287.0
2018-04-24 15:56,-676442.0
2018-04-24 15:57,-686472.0
2018-04-24 15:58,-700047.0
2018-04-24 15:59,-689114.0
2018-04-24 16:00,-515384.0
2018-04-25 09:30,-502941.0
2018-04-25 09:31,-515504.0
2018-04-25 09:32,-517804.0
2018-04-25 09:33,-524583.0
2018-04-25 09:34,-510444.0
2018-04-25 09:35,-516144.0
2018-04-25 09:36,-521362.0
2018-04-25 09:37,-522162.0
2018-04-25 09:38,-538245.0
2018-04-25 09:39,-531479.0
2018-04-25 09:40,-532229.0
2018-04-25 09:41,-525829.0
2018-04-25 09:42,-532587.0
2018-04-25 09:43,-530879.0
2018-04-25 09:44,-539631.0
2018-04-25 09:45,-544774.0
2018-04-25 09:46,-527298.0
2018-04-25 09:47,-525134.0
2018-04-25 09:48,-530587.0
2018-04-25 09:49,-524187.0
2018-04-25 09:50,-524187.0
2018-04-25 09:51,-527232.0
2018-04-25 09:52,-519932.0
2018-04-25 09:53,-515832.0
2018-04-25 09:54,-520882.0
2018-04-25 09:55,-519082.0
2018-04-25 09:56,-522020.0
2018-04-25 09:57,-538947.0
2018-04-25 09:58,-534362.0
2018-04-25 09:59,-552168.0
2018-04-25 10:00,-555723.0
2018-04-25 10:01,-559985.0
2018-04-25 10:02,-568559.0
2018-04-25 10:03,-578841.0
2018-04-25 10:04,-572771.0
2018-04-25 10:05,-586774.0
2018-04-25 10:06,-583072.0
2018-04-25 10:07,-592960.0
2018-04-25 10:08,-579918.0
2018-04-25 10:09,-592897.0
2018-04-25 10:10,-598890.0
2018-04-25 10:11,-594779.0
2018-04-25 10:12,-602570.0
2018-04-25 10:13,-598345.0
2018-04-25 10:14,-600438.0
2018-04-25 10:15,-605514.0
2018-04-25 10:16,-611114.0
2018-04-25 10:17,-599709.0
2018-04-25 10:18,-602709.0
2018-04-25 10:19,-608587.0
2018-04-25 10:20,-618964.0
2018-04-25 10:21,-649342.0
2018-04-25 10:22,-635322.0
2018-04-25 10:23,-623785.0
2018-04-25 10:24,-615964.0
2018-04-25 10:25,-605406.0
2018-04-25 10:26,-595122.0
2018-04-25 10:27,-600594.0
2018-04-25 10:28,-607364.0
2018-04-25 10:29,-600514.0
2018-04-25 10:30,-594589.0
2018-04-25 10:31,-605190.0
2018-04-25 10:32,-599690.0
2018-04-25 10:33,-587876.0
2018-04-25 10:34,-609321.0
2018-04-25 10:35,-601071.0
2018-04-25 10:36,-619773.0
2018-04-25 10:37,-611823.0
2018-04-25 10:38,-601899.0
2018-04-25 10:39,-594387.0
2018-04-25 10:40,-590382.0
2018-04-25 10:41,-602929.0
2018-04-25 10:42,-631829.0
2018-04-25 10:43,-639109.0
2018-04-25 10:44,-630309.0
2018-04-25 10:45,-629109.0
2018-04-25 10:46,-639889.0
2018-04-25 10:47,-642444.0
2018-04-25 10:48,-660834.0
2018-04-25 10:49,-670678.0
2018-04-25 10:50,-663359.0
2018-04-25 10:51,-665094.0
2018-04-25 10:52,-668614.0
2018-04-25 10:53,-674772.0
2018-04-25 10:54,-673162.0
2018-04-25 10:55,-675564.0
2018-04-25 10:56,-672864.0
2018-04-25 10:57,-669424.0
2018-04-25 10:58,-666564.0
2018-04-25 10:59,-661264.0
2018-04-25 11:00,-658364.0
2018-04-25 11:01,-654049.0
2018-04-25 11:02,-661474.0
2018-04-25 11:03,-653451.0
2018-04-25 11:04,-663951.0
2018-04-25 11:05,-651815.0
2018-04-25 11:06,-644776.0
2018-04-25 11:07,-619235.0
2018-04-25 11:08,-624838.0
2018-04-25 11:09,-623266.0
2018-04-25 11:10,-626466.0
2018-04-25 11:11,-628716.0
2018-04-25 11:12,-631817.0
2018-04-25 11:13,-626809.0
2018-04-25 11:14,-623009.0
2018-04-25 11:15,-623709.0
2018-04-25 11:16,-626608.0
2018-04-25 11:17,-634980.0
2018-04-25 11:18,-626021.0
2018-04-25 11:19,-624696.0
2018-04-25 11:20,-630696.0
2018-04-25 11:21,-621823.0
2018-04-25 11:22,-617153.0
2018-04-25 11:23,-608028.0
2018-04-25 11:24,-592005.0
2018-04-25 11:25,-589705.0
2018-04-25 11:26,-585605.0
2018-04-25 11:27,-583605.0
2018-04-25 11:28,-579529.0
2018-04-25 11:29,-571136.0
2018-04-25 11:30,-564355.0
2018-04-25 11:31,-557567.0
2018-04-25 11:32,-552819.0
2018-04-25 11:33,-558346.0
2018-04-25 11:34,-559446.0
2018-04-25 11:35,-554846.0
2018-04-25 11:36,-559346.0
2018-04-25 11:37,-562046.0
2018-04-25 11:38,-569553.0
2018-04-25 11:39,-571753.0
2018-04-25 11:40,-576774.0
2018-04-25 11:41,-581102.0
2018-04-25 11:42,-597514.0
2018-04-25 11:43,-586081.0
2018-04-25 11:44,-589285.0
2018-04-25 11:45,-583892.0
2018-04-25 11:46,-581970.0
2018-04-25 11:47,-580254.0
2018-04-25 11:48,-577754.0
2018-04-25 11:49,-582154.0
2018-04-25 11:50,-577160.0
2018-04-25 11:51,-577160.0
2018-04-25 11:52,-575560.0
2018-04-25 11:53,-575560.0
2018-04-25 11:54,-572226.0
2018-04-25 11:55,-573426.0
2018-04-25 11:56,-575161.0
2018-04-25 11:57,-578061.0
2018-04-25 11:58,-584060.0
2018-04-25 11:59,-581648.0
2018-04-25 12:00,-583848.0
2018-04-25 12:01,-583137.0
2018-04-25 12:03,-587016.0
2018-04-25 12:04,-588316.0
2018-04-25 12:05,-593370.0
2018-04-25 12:06,-597876.0
2018-04-25 12:07,-594563.0
2018-04-25 12:08,-595863.0
2018-04-25 12:09,-594199.0
2018-04-25 12:10,-596449.0
2018-04-25 12:11,-599149.0
2018-04-25 12:12,-596849.0
2018-04-25 12:13,-594599.0
2018-04-25 12:14,-596699.0
2018-04-25 12:15,-593699.0
2018-04-25 12:16,-590599.0
2018-04-25 12:17,-594204.0
2018-04-25 12:18,-600137.0
2018-04-25 12:19,-597937.0
2018-04-25 12:20,-596237.0
2018-04-25 12:21,-592487.0
2018-04-25 12:22,-596602.0
2018-04-25 12:23,-598386.0
2018-04-25 12:24,-599253.0
2018-04-25 12:25,-595353.0
2018-04-25 12:26,-595553.0
2018-04-25 12:27,-594353.0
2018-04-25 12:28,-594353.0
2018-04-25 12:29,-596771.0
2018-04-25 12:31,-595171.0
2018-04-25 12:32,-593195.0
2018-04-25 12:33,-604795.0
2018-04-25 12:34,-602005.0
2018-04-25 12:35,-605205.0
2018-04-25 12:36,-596280.0
2018-04-25 12:37,-597680.0
2018-04-25 12:38,-601422.0
2018-04-25 12:39,-602550.0
2018-04-25 12:40,-600014.0
2018-04-25 12:41,-601814.0
2018-04-25 12:42,-602514.0
2018-04-25 12:43,-603114.0
2018-04-25 12:44,-604260.0
2018-04-25 12:45,-602360.0
2018-04-25 12:46,-597660.0
2018-04-25 12:47,-596660.0
2018-04-25 12:48,-591130.0
2018-04-25 12:49,-594431.0
2018-04-25 12:50,-596131.0
2018-04-25 12:51,-595731.0
2018-04-25 12:52,-594094.0
2018-04-25 12:53,-591061.0
2018-04-25 12:54,-595610.0
2018-04-25 12:55,-592660.0
2018-04-25 12:56,-592660.0
2018-04-25 12:57,-589660.0
2018-04-25 12:58,-580960.0
2018-04-25 12:59,-586911.0
2018-04-25 13:00,-586911.0
2018-04-25 13:01,-583511.0
2018-04-25 13:02,-577311.0
2018-04-25 13:03,-584611.0
2018-04-25 13:04,-586037.0
2018-04-25 13:05,-593824.0
2018-04-25 13:06,-590603.0
2018-04-25 13:07,-589003.0
2018-04-25 13:08,-592074.0
2018-04-25 13:09,-599370.0
2018-04-25 13:10,-595877.0
2018-04-25 13:11,-600030.0
2018-04-25 13:12,-601330.0
2018-04-25 13:13,-603207.0
2018-04-25 13:14,-601263.0
2018-04-25 13:15,-603163.0
2018-04-25 13:16,-604183.0
2018-04-25 13:17,-598630.0
2018-04-25 13:18,-600630.0
2018-04-25 13:19,-599030.0
2018-04-25 13:20,-599930.0
2018-04-25 13:21,-599330.0
2018-04-25 13:22,-601070.0
2018-04-25 13:23,-599370.0
2018-04-25 13:24,-599570.0
2018-04-25 13:25,-601396.0
2018-04-25 13:26,-599896.0
2018-04-25 13:27,-601659.0
2018-04-25 13:28,-600225.0
2018-04-25 13:29,-599021.0
2018-04-25 13:30,-595918.0
2018-04-25 13:31,-593249.0
2018-04-25 13:32,-596649.0
2018-04-25 13:33,-599349.0
2018-04-25 13:34,-596549.0
2018-04-25 13:35,-588417.0
2018-04-25 13:36,-598884.0
2018-04-25 13:37,-593784.0
2018-04-25 13:38,-599984.0
2018-04-25 13:39,-591613.0
2018-04-25 13:40,-590203.0
2018-04-25 13:41,-588458.0
2018-04-25 13:42,-588858.0
2018-04-25 13:43,-584658.0
2018-04-25 13:44,-592258.0
2018-04-25 13:45,-593158.0
2018-04-25 13:46,-593158.0
2018-04-25 13:47,-591347.0
2018-04-25 13:48,-591847.0
2018-04-25 13:49,-594524.0
2018-04-25 13:50,-594824.0
2018-04-25 13:51,-600916.0
2018-04-25 13:52,-592134.0
2018-04-25 13:53,-590724.0
2018-04-25 13:54,-589924.0
2018-04-25 13:55,-593824.0
2018-04-25 13:56,-592882.0
2018-04-25 13:57,-595582.0
2018-04-25 13:58,-598782.0
2018-04-25 13:59,-597982.0
2018-04-25 14:00,-606507.0
2018-04-25 14:01,-602915.0
2018-04-25 14:02,-606229.0
2018-04-25 14:03,-605529.0
2018-04-25 14:04,-604629.0
2018-04-25 14:05,-607042.0
2018-04-25 14:06,-605929.0
2018-04-25 14:07,-604079.0
2018-04-25 14:08,-603779.0
2018-04-25 14:09,-608579.0
2018-04-25 14:10,-609579.0
2018-04-25 14:11,-607725.0
2018-04-25 14:12,-611325.0
2018-04-25 14:13,-611940.0
2018-04-25 14:14,-613244.0
2018-04-25 14:15,-616944.0
2018-04-25 14:16,-615344.0
2018-04-25 14:17,-614644.0
2018-04-25 14:18,-614244.0
2018-04-25 14:19,-616089.0
2018-04-25 14:20,-617789.0
2018-04-25 14:21,-616677.0
2018-04-25 14:22,-617377.0
2018-04-25 14:23,-617377.0
2018-04-25 14:24,-619763.0
2018-04-25 14:25,-624913.0
2018-04-25 14:26,-611262.0
2018-04-25 14:27,-612162.0
2018-04-25 14:28,-612962.0
2018-04-25 14:29,-611462.0
2018-04-25 14:30,-613262.0
2018-04-25 14:31,-612862.0
2018-04-25 14:32,-615862.0
2018-04-25 14:33,-613062.0
2018-04-25 14:34,-611861.0
2018-04-25 14:35,-610561.0
2018-04-25 14:36,-608561.0
2018-04-25 14:37,-605911.0
2018-04-25 14:38,-608611.0
2018-04-25 14:39,-607731.0
2018-04-25 14:40,-609918.0
2018-04-25 14:41,-611093.0
2018-04-25 14:42,-607393.0
2018-04-25 14:43,-608343.0
2018-04-25 14:44,-604493.0
2018-04-25 14:45,-616141.0
2018-04-25 14:46,-626339.0
2018-04-25 14:47,-623904.0
2018-04-25 14:48,-621904.0
2018-04-25 14:49,-617412.0
2018-04-25 14:50,-617412.0
2018-04-25 14:51,-624572.0
2018-04-25 14:52,-619472.0
2018-04-25 14:53,-612874.0
2018-04-25 14:54,-615142.0
2018-04-25 14:55,-611779.0
2018-04-25 14:56,-613589.0
2018-04-25 14:57,-615709.0
2018-04-25 14:58,-603509.0
2018-04-25 14:59,-609509.0
2018-04-25 15:00,-605706.0
2018-04-25 15:01,-600586.0
2018-04-25 15:02,-603071.0
2018-04-25 15:03,-610402.0
2018-04-25 15:04,-613805.0
2018-04-25 15:05,-611205.0
2018-04-25 15:06,-615605.0
2018-04-25 15:07,-609371.0
2018-04-25 15:08,-612071.0
2018-04-25 15:09,-612671.0
2018-04-25 15:10,-617913.0
2018-04-25 15:11,-614413.0
2018-04-25 15:12,-615845.0
2018-04-25 15:13,-614445.0
2018-04-25 15:14,-618649.0
2018-04-25 15:15,-618249.0
2018-04-25 15:16,-613352.0
2018-04-25 15:17,-614202.0
2018-04-25 15:18,-613302.0
2018-04-25 15:19,-614602.0
2018-04-25 15:20,-618736.0
2018-04-25 15:21,-615586.0
2018-04-25 15:22,-611943.0
2018-04-25 15:23,-613948.0
2018-04-25 15:24,-615998.0
2018-04-25 15:25,-609648.0
2018-04-25 15:26,-606273.0
2018-04-25 15:27,-607573.0
2018-04-25 15:28,-611338.0
2018-04-25 15:29,-614898.0
2018-04-25 15:30,-614898.0
2018-04-25 15:31,-612498.0
2018-04-25 15:32,-607685.0
2018-04-25 15:33,-611034.0
2018-04-25 15:34,-605749.0
2018-04-25 15:35,-603635.0
2018-04-25 15:36,-606645.0
2018-04-25 15:37,-608995.0
2018-04-25 15:38,-601785.0
2018-04-25 15:39,-597554.0
2018-04-25 15:40,-605150.0
2018-04-25 15:41,-599880.0
2018-04-25 15:42,-615921.0
2018-04-25 15:43,-620698.0
2018-04-25 15:44,-629300.0
2018-04-25 15:45,-623486.0
2018-04-25 15:46,-629185.0
2018-04-25 15:47,-624567.0
2018-04-25 15:48,-616608.0
2018-04-25 15:49,-620865.0
2018-04-25 15:50,-609105.0
2018-04-25 15:51,-599886.0
2018-04-25 15:52,-607899.0
2018-04-25 15:53,-603195.0
2018-04-25 15:54,-598154.0
2018-04-25 15:55,-591536.0
2018-04-25 15:56,-585500.0
2018-04-25 15:57,-585500.0
2018-04-25 15:58,-578933.0
2018-04-25 15:59,-595770.0
2018-04-25 16:00,-494299.0
2018-04-26 09:30,-476585.0
2018-04-26 09:31,-470081.0
2018-04-26 09:32,-471775.0
2018-04-26 09:33,-466725.0
2018-04-26 09:34,-461625.0
2018-04-26 09:35,-464527.0
2018-04-26 09:36,-456181.0
2018-04-26 09:37,-432538.0
2018-04-26 09:38,-436038.0
2018-04-26 09:39,-438638.0
2018-04-26 09:40,-435838.0
2018-04-26 09:41,-438538.0
2018-04-26 09:42,-575987.0
2018-04-26 09:43,-574887.0
2018-04-26 09:44,-572087.0
2018-04-26 09:45,-538601.0
2018-04-26 09:46,-533501.0
2018-04-26 09:47,-536143.0
2018-04-26 09:48,-536743.0
2018-04-26 09:49,-537743.0
2018-04-26 09:50,-537443.0
2018-04-26 09:51,-554443.0
2018-04-26 09:52,-551818.0
2018-04-26 09:53,-555229.0
2018-04-26 09:54,-554529.0
2018-04-26 09:55,-554829.0
2018-04-26 09:56,-548865.0
2018-04-26 09:57,-545757.0
2018-04-26 09:58,-547457.0
2018-04-26 09:59,-546357.0
2018-04-26 10:00,-545585.0
2018-04-26 10:01,-547785.0
2018-04-26 10:02,-539985.0
2018-04-26 10:03,-537385.0
2018-04-26 10:04,-532010.0
2018-04-26 10:05,-537610.0
2018-04-26 10:06,-536404.0
2018-04-26 10:07,-535382.0
2018-04-26 10:08,-531282.0
2018-04-26 10:09,-533782.0
2018-04-26 10:10,-531107.0
2018-04-26 10:11,-527271.0
2018-04-26 10:12,-529171.0
2018-04-26 10:13,-533371.0
2018-04-26 10:14,-531371.0
2018-04-26 10:15,-530371.0
2018-04-26 10:16,-532171.0
2018-04-26 10:17,-531071.0
2018-04-26 10:18,-533271.0
2018-04-26 10:19,-531771.0
2018-04-26 10:20,-529171.0
2018-04-26 10:21,-525871.0
2018-04-26 10:22,-528171.0
2018-04-26 10:23,-530171.0
2018-04-26 10:24,-528998.0
2018-04-26 10:25,-527398.0
2018-04-26 10:26,-526798.0
2018-04-26 10:27,-525598.0
2018-04-26 10:28,-524398.0
2018-04-26 10:29,-518873.0
2018-04-26 10:30,-513276.0
2018-04-26 10:31,-511976.0
2018-04-26 10:32,-510876.0
2018-04-26 10:33,-513326.0
2018-04-26 10:34,-513926.0
2018-04-26 10:35,-514831.0
2018-04-26 10:36,-511781.0
2018-04-26 10:37,-509206.0
2018-04-26 10:38,-508206.0
2018-04-26 10:39,-505095.0
2018-04-26 10:40,-507395.0
2018-04-26 10:41,-515684.0
2018-04-26 10:42,-512784.0
2018-04-26 10:43,-515084.0
2018-04-26 10:44,-516984.0
2018-04-26 10:45,-513669.0
2018-04-26 10:46,-502923.0
2018-04-26 10:47,-501023.0
2018-04-26 10:48,-500223.0
2018-04-26 10:49,-501323.0
2018-04-26 10:50,-502023.0
2018-04-26 10:51,-501273.0
2018-04-26 10:52,-498868.0
2018-04-26 10:53,-496950.0
2018-04-26 10:54,-497850.0
2018-04-26 10:55,-495350.0
2018-04-26 10:56,-497752.0
2018-04-26 10:57,-500577.0
2018-04-26 10:58,-501377.0
2018-04-26 10:59,-499443.0
2018-04-26 11:00,-501543.0
2018-04-26 11:02,-503043.0
2018-04-26 11:03,-502083.0
2018-04-26 11:04,-503483.0
2018-04-26 11:05,-490009.0
2018-04-26 11:06,-482940.0
2018-04-26 11:07,-480452.0
2018-04-26 11:08,-475302.0
2018-04-26 11:09,-491816.0
2018-04-26 11:10,-493816.0
2018-04-26 11:11,-491325.0
2018-04-26 11:12,-488825.0
2018-04-26 11:13,-490435.0
2018-04-26 11:14,-489135.0
2018-04-26 11:15,-491014.0
2018-04-26 11:16,-497169.0
2018-04-26 11:17,-496769.0
2018-04-26 11:18,-496669.0
2018-04-26 11:19,-494081.0
2018-04-26 11:20,-493881.0
2018-04-26 11:21,-493131.0
2018-04-26 11:22,-492731.0
2018-04-26 11:23,-493641.0
2018-04-26 11:24,-492641.0
2018-04-26 11:25,-492541.0
2018-04-26 11:26,-491335.0
2018-04-26 11:27,-489237.0
2018-04-26 11:28,-489737.0
2018-04-26 11:29,-488307.0
2018-04-26 11:30,-487807.0
2018-04-26 11:31,-485907.0
2018-04-26 11:32,-484807.0
2018-04-26 11:33,-482229.0
2018-04-26 11:34,-485897.0
2018-04-26 11:35,-491700.0
2018-04-26 11:36,-489420.0
2018-04-26 11:37,-487020.0
2018-04-26 11:38,-491070.0
2018-04-26 11:39,-490170.0
2018-04-26 11:40,-503819.0
2018-04-26 11:41,-505305.0
2018-04-26 11:42,-507705.0
2018-04-26 11:44,-510906.0
2018-04-26 11:45,-507502.0
2018-04-26 11:46,-507102.0
2018-04-26 11:47,-506802.0
2018-04-26 11:48,-509202.0
2018-04-26 11:49,-506402.0
2018-04-26 11:50,-502346.0
2018-04-26 11:51,-501446.0
2018-04-26 11:52,-501546.0
2018-04-26 11:53,-507146.0
2018-04-26 11:54,-504946.0
2018-04-26 11:55,-506346.0
2018-04-26 11:56,-504546.0
2018-04-26 11:57,-504546.0
2018-04-26 11:58,-504946.0
2018-04-26 11:59,-507734.0
2018-04-26 12:00,-505834.0
2018-04-26 12:01,-506034.0
2018-04-26 12:02,-505034.0
2018-04-26 12:03,-504634.0
2018-04-26 12:04,-505634.0
2018-04-26 12:05,-507134.0
2018-04-26 12:07,-507134.0
2018-04-26 12:08,-507334.0
2018-04-26 12:09,-506434.0
2018-04-26 12:10,-508134.0
2018-04-26 12:11,-508134.0
2018-04-26 12:12,-509434.0
2018-04-26 12:13,-507534.0
2018-04-26 12:14,-505134.0
2018-04-26 12:15,-505934.0
2018-04-26 12:16,-506834.0
2018-04-26 12:17,-508034.0
2018-04-26 12:18,-506834.0
2018-04-26 12:19,-501853.0
2018-04-26 12:20,-500503.0
2018-04-26 12:21,-501003.0
2018-04-26 12:22,-500213.0
2018-04-26 12:23,-499913.0
2018-04-26 12:24,-497113.0
2018-04-26 12:25,-499511.0
2018-04-26 12:26,-497732.0
2018-04-26 12:27,-497732.0
2018-04-26 12:28,-494032.0
2018-04-26 12:29,-494832.0
2018-04-26 12:30,-495132.0
2018-04-26 12:31,-495032.0
2018-04-26 12:32,-492732.0
2018-04-26 12:33,-492232.0
2018-04-26 12:34,-488680.0
2018-04-26 12:35,-487979.0
2018-04-26 12:36,-486879.0
2018-04-26 12:37,-486879.0
2018-04-26 12:38,-481551.0
2018-04-26 12:39,-480059.0
2018-04-26 12:40,-478559.0
2018-04-26 12:41,-479059.0
2018-04-26 12:42,-477359.0
2018-04-26 12:43,-480065.0
2018-04-26 12:44,-480265.0
2018-04-26 12:45,-476965.0
2018-04-26 12:46,-476765.0
2018-04-26 12:47,-478465.0
2018-04-26 12:48,-483465.0
2018-04-26 12:49,-482065.0
2018-04-26 12:51,-482965.0
2018-04-26 12:52,-483265.0
2018-04-26 12:53,-485527.0
2018-04-26 12:54,-485527.0
2018-04-26 12:55,-484527.0
2018-04-26 12:56,-484527.0
2018-04-26 12:57,-493260.0
2018-04-26 12:58,-495860.0
2018-04-26 12:59,-493115.0
2018-04-26 13:00,-490334.0
2018-04-26 13:01,-488464.0
2018-04-26 13:02,-489364.0
2018-04-26 13:03,-489264.0
2018-04-26 13:04,-488664.0
2018-04-26 13:05,-487264.0
2018-04-26 13:06,-489264.0
2018-04-26 13:07,-490364.0
2018-04-26 13:08,-489264.0
2018-04-26 13:09,-491482.0
2018-04-26 13:11,-489182.0
2018-04-26 13:12,-490882.0
2018-04-26 13:13,-488782.0
2018-04-26 13:14,-486481.0
2018-04-26 13:15,-488081.0
2018-04-26 13:16,-488781.0
2018-04-26 13:17,-490281.0
2018-04-26 13:18,-488280.0
2018-04-26 13:20,-487980.0
2018-04-26 13:21,-487980.0
2018-04-26 13:22,-486254.0
2018-04-26 13:23,-486454.0
2018-04-26 13:24,-486954.0
2018-04-26 13:25,-484151.0
2018-04-26 13:26,-482951.0
2018-04-26 13:27,-479152.0
2018-04-26 13:28,-480152.0
2018-04-26 13:29,-481252.0
2018-04-26 13:30,-483052.0
2018-04-26 13:31,-482952.0
2018-04-26 13:32,-482002.0
2018-04-26 13:33,-482002.0
2018-04-26 13:34,-482858.0
2018-04-26 13:35,-479060.0
2018-04-26 13:36,-479964.0
2018-04-26 13:37,-480264.0
2018-04-26 13:38,-485179.0
2018-04-26 13:39,-480439.0
2018-04-26 13:40,-478826.0
2018-04-26 13:43,-478826.0
2018-04-26 13:44,-479626.0
2018-04-26 13:45,-479026.0
2018-04-26 13:46,-479326.0
2018-04-26 13:47,-479026.0
2018-04-26 13:48,-482426.0
2018-04-26 13:49,-481826.0
2018-04-26 13:50,-483926.0
2018-04-26 13:51,-487726.0
2018-04-26 13:52,-485622.0
2018-04-26 13:53,-485122.0
2018-04-26 13:54,-485122.0
2018-04-26 13:55,-485222.0
2018-04-26 13:56,-484956.0
2018-04-26 13:57,-485256.0
2018-04-26 13:58,-485256.0
2018-04-26 13:59,-485256.0
2018-04-26 14:00,-484356.0
2018-04-26 14:01,-485456.0
2018-04-26 14:02,-483175.0
2018-04-26 14:03,-484878.0
2018-04-26 14:04,-493013.0
2018-04-26 14:05,-489962.0
2018-04-26 14:06,-486930.0
2018-04-26 14:07,-487249.0
2018-04-26 14:08,-480649.0
2018-04-26 14:09,-478770.0
2018-04-26 14:10,-477570.0
2018-04-26 14:11,-477870.0
2018-04-26 14:12,-474686.0
2018-04-26 14:13,-472586.0
2018-04-26 14:14,-478137.0
2018-04-26 14:15,-479680.0
2018-04-26 14:16,-480951.0
2018-04-26 14:17,-479453.0
2018-04-26 14:18,-480210.0
2018-04-26 14:19,-478512.0
2018-04-26 14:20,-478862.0
2018-04-26 14:21,-478762.0
2018-04-26 14:22,-476262.0
2018-04-26 14:23,-476062.0
2018-04-26 14:24,-474524.0
2018-04-26 14:25,-476124.0
2018-04-26 14:26,-476374.0
2018-04-26 14:27,-478374.0
2018-04-26 14:28,-477474.0
2018-04-26 14:29,-474874.0
2018-04-26 14:31,-476074.0
2018-04-26 14:33,-477564.0
2018-04-26 14:34,-474864.0
2018-04-26 14:35,-474864.0
2018-04-26 14:36,-474014.0
2018-04-26 14:37,-475214.0
2018-04-26 14:38,-471814.0
2018-04-26 14:39,-471714.0
2018-04-26 14:40,-471714.0
2018-04-26 14:41,-470219.0
2018-04-26 14:42,-469819.0
2018-04-26 14:43,-468169.0
2018-04-26 14:44,-470069.0
2018-04-26 14:45,-469469.0
2018-04-26 14:46,-469469.0
2018-04-26 14:47,-467169.0
2018-04-26 14:48,-457836.0
2018-04-26 14:49,-455336.0
2018-04-26 14:50,-456336.0
2018-04-26 14:51,-456236.0
2018-04-26 14:52,-450632.0
2018-04-26 14:53,-449832.0
2018-04-26 14:54,-450232.0
2018-04-26 14:55,-449232.0
2018-04-26 14:56,-438582.0
2018-04-26 14:57,-440632.0
2018-04-26 14:58,-443488.0
2018-04-26 14:59,-444838.0
2018-04-26 15:00,-441338.0
2018-04-26 15:01,-441238.0
2018-04-26 15:02,-441238.0
2018-04-26 15:03,-439138.0
2018-04-26 15:04,-441408.0
2018-04-26 15:05,-441308.0
2018-04-26 15:06,-442908.0
2018-04-26 15:07,-444608.0
2018-04-26 15:09,-445208.0
2018-04-26 15:10,-446708.0
2018-04-26 15:11,-444708.0
2018-04-26 15:12,-442942.0
2018-04-26 15:13,-443777.0
2018-04-26 15:14,-441862.0
2018-04-26 15:15,-439762.0
2018-04-26 15:16,-439862.0
2018-04-26 15:17,-440879.0
2018-04-26 15:18,-443879.0
2018-04-26 15:19,-448274.0
2018-04-26 15:20,-449990.0
2018-04-26 15:21,-449990.0
2018-04-26 15:22,-449990.0
2018-04-26 15:23,-447540.0
2018-04-26 15:24,-449529.0
2018-04-26 15:25,-452392.0
2018-04-26 15:26,-456392.0
2018-04-26 15:27,-455491.0
2018-04-26 15:28,-452841.0
2018-04-26 15:29,-456061.0
2018-04-26 15:30,-461492.0
2018-04-26 15:31,-466055.0
2018-04-26 15:32,-462620.0
2018-04-26 15:33,-462620.0
2018-04-26 15:34,-461820.0
2018-04-26 15:35,-459208.0
2018-04-26 15:36,-459708.0
2018-04-26 15:37,-457208.0
2018-04-26 15:38,-457911.0
2018-04-26 15:39,-460031.0
2018-04-26 15:40,-456531.0
2018-04-26 15:41,-454331.0
2018-04-26 15:42,-454931.0
2018-04-26 15:43,-452631.0
2018-04-26 15:44,-449069.0
2018-04-26 15:45,-451423.0
2018-04-26 15:46,-458344.0
2018-04-26 15:47,-460475.0
2018-04-26 15:48,-456023.0
2018-04-26 15:49,-456023.0
2018-04-26 15:50,-452508.0
2018-04-26 15:51,-459236.0
2018-04-26 15:52,-463509.0
2018-04-26 15:53,-458160.0
2018-04-26 15:54,-456240.0
2018-04-26 15:55,-459406.0
2018-04-26 15:56,-454201.0
2018-04-26 15:57,-448959.0
2018-04-26 15:58,-452090.0
2018-04-26 15:59,-452090.0
2018-04-26 16:00,-460912.0
